{
  "version": 2,
  "baseMVA": 100.0,
  "pf_dc": 0,
  "opf_dc": 1,
  "bus": [
    [
      1,
      3,
      15167.5,
      3079.89223516626,
      0,
      0.0,
      1,
      1,
      0,
      345,
      1,
      1.1,
      0.9
    ],
    [
      2,
      2,
      14875.0,
      3020.497576930814,
      0,
      0.0,
      1,
      1,
      0,
      345,
      1,
      1.1,
      0.9
    ],
    [
      3,
      2,
      331.6,
      67.33425186623583,
      0,
      0.0,
      1,
      1,
      0,
      345,
      1,
      1.1,
      0.9
    ],
    [
      4,
      2,
      3634.4,
      737.9963962082252,
      0,
      0.0,
      1,
      1,
      0,
      345,
      1,
      1.1,
      0.9
    ],
    [
      5,
      2,
      7603.6,
      1543.976831996715,
      0,
      0.0,
      1,
      1,
      0,
      345,
      1,
      1.1,
      0.9
    ],
    [
      6,
      2,
      427.5,
      86.80757742103684,
      0,
      0.0,
      1,
      1,
      0,
      345,
      1,
      1.1,
      0.9
    ],
    [
      7,
      2,
      5646.0,
      1146.4691979395882,
      0,
      0.0,
      1,
      1,
      0,
      345,
      1,
      1.1,
      0.9
    ],
    [
      8,
      1,
      113.8,
      23.108075580149688,
      0,
      0.0,
      1,
      1,
      0,
      345,
      1,
      1.1,
      0.9
    ]
  ],
  "gen": [
    [
      1,
      0.0,
      0.0,
      6567.0,
      -6567.0,
      1.0,
      19978.8,
      1,
      19978.8,
      1998.0,
      0,
      0,
      0,
      0,
      0,
      0,
      0,
      0,
      0,
      0,
      0
    ],
    [
      1,
      0.0,
      0.0,
      3834.0,
      -3834.0,
      1.0,
      11664.8,
      1,
      11664.8,
      5832.4,
      0,
      0,
      0,
      0,
      0,
      0,
      0,
      0,
      0,
      0,
      0
    ],
    [
      1,
      0.0,
      0.0,
      798.7,
      -798.7,
      1.0,
      2430.0,
      1,
      2430.0,
      2187.0,
      0,
      0,
      0,
      0,
      0,
      0,
      0,
      0,
      0,
      0,
      0
    ],
    [
      2,
      9397.065187662572,
      0.0,
      6824.0,
      -6824.0,
      1.0,
      20761.7,
      1,
      20761.7,
      2076.0,
      0,
      0,
      0,
      0,
      0,
      0,
      0,
      0,
      0,
      0,
      0
    ],
    [
      2,
      1595.0,
      0.0,
      1048.6,
      -1048.6,
      1.0,
      3190.3,
      1,
      3190.3,
      1595.0,
      0,
      0,
      0,
      0,
      0,
      0,
      0,
      0,
      0,
      0,
      0
    ],
    [
      2,
      2438.0,
      0.0,
      890.3,
      -890.3,
      1.0,
      2708.6,
      1,
      2708.6,
      2438.0,
      0,
      0,
      0,
      0,
      0,
      0,
      0,
      0,
      0,
      0,
      0
    ],
    [
      3,
      36.209232144429684,
      0.0,
      26.3,
      -26.3,
      1.0,
      80.0,
      1,
      80.0,
      8.0,
      0,
      0,
      0,
      0,
      0,
      0,
      0,
      0,
      0,
      0,
      0
    ],
    [
      3,
      360.0,
      0.0,
      236.7,
      -236.7,
      1.0,
      720.0,
      1,
      720.0,
      360.0,
      0,
      0,
      0,
      0,
      0,
      0,
      0,
      0,
      0,
      0,
      0
    ],
    [
      4,
      1556.1822744872266,
      0.0,
      1130.1,
      -1130.1,
      1.0,
      3438.2,
      1,
      3438.2,
      343.8,
      0,
      0,
      0,
      0,
      0,
      0,
      0,
      0,
      0,
      0,
      0
    ],
    [
      5,
      4793.061320498337,
      0.0,
      3480.7,
      -3480.7,
      1.0,
      10589.7,
      1,
      10589.7,
      1059.0,
      0,
      0,
      0,
      0,
      0,
      0,
      0,
      0,
      0,
      0,
      0
    ],
    [
      5,
      2864.0,
      0.0,
      1882.7,
      -1882.7,
      1.0,
      5728.1,
      1,
      5728.1,
      2864.0,
      0,
      0,
      0,
      0,
      0,
      0,
      0,
      0,
      0,
      0,
      0
    ],
    [
      7,
      3692.5,
      0.0,
      2427.3,
      -2427.3,
      1.0,
      7385.0,
      1,
      7385.0,
      3692.5,
      0,
      0,
      0,
      0,
      0,
      0,
      0,
      0,
      0,
      0,
      0
    ],
    [
      7,
      311.2,
      0.0,
      204.6,
      -204.6,
      1.0,
      622.4,
      1,
      622.4,
      311.2,
      0,
      0,
      0,
      0,
      0,
      0,
      0,
      0,
      0,
      0,
      0
    ],
    [
      1,
      0.0,
      0.0,
      550.6,
      -550.6,
      1.0,
      1675.0,
      1,
      1675.0,
      167.5,
      0,
      0,
      0,
      0,
      0,
      0,
      0,
      0,
      0,
      0,
      0
    ],
    [
      3,
      1014.8542539280028,
      0.0,
      737.0,
      -737.0,
      1.0,
      2242.2,
      1,
      2242.2,
      224.2,
      0,
      0,
      0,
      0,
      0,
      0,
      0,
      0,
      0,
      0,
      0
    ],
    [
      4,
      3951.46824238143,
      0.0,
      2869.5,
      -2869.5,
      1.0,
      8730.3,
      1,
      8730.3,
      873.0,
      0,
      0,
      0,
      0,
      0,
      0,
      0,
      0,
      0,
      0,
      0
    ],
    [
      6,
      45.17101710017602,
      0.0,
      32.8,
      -32.8,
      1.0,
      99.8,
      1,
      99.8,
      10.0,
      0,
      0,
      0,
      0,
      0,
      0,
      0,
      0,
      0,
      0,
      0
    ],
    [
      7,
      1612.3065843110926,
      0.0,
      1170.8,
      -1170.8,
      1.0,
      3562.2,
      1,
      3562.2,
      356.2,
      0,
      0,
      0,
      0,
      0,
      0,
      0,
      0,
      0,
      0,
      0
    ]
  ],