{"BLDG_EQUIP_SCH_ADV":{
  "1":[0.29821, 0.29821, 0.29821, 0.29821, 0.29821, 0.29821, 0.29821, 0.29821, 0.85170375, 0.85170375, 0.85170375, 0.85170375, 0.75707, 0.85170375, 0.85170375, 0.85170375, 0.85170375, 0.47316875, 0.378535, 0.378535, 0.378535, 0.378535, 0.378535, 0.378535],
  "2":[0.29821, 0.29821, 0.29821, 0.29821, 0.29821, 0.29821, 0.29821, 0.29821, 0.85170375, 0.85170375, 0.85170375, 0.85170375, 0.75707, 0.85170375, 0.85170375, 0.85170375, 0.85170375, 0.47316875, 0.378535, 0.378535, 0.378535, 0.378535, 0.378535, 0.378535],
  "3":[0.29821, 0.29821, 0.29821, 0.29821, 0.29821, 0.29821, 0.29821, 0.29821, 0.85170375, 0.85170375, 0.85170375, 0.85170375, 0.75707, 0.85170375, 0.85170375, 0.85170375, 0.85170375, 0.47316875, 0.378535, 0.378535, 0.378535, 0.378535, 0.378535, 0.378535],
  "4":[0.29821, 0.29821, 0.29821, 0.29821, 0.29821, 0.29821, 0.29821, 0.29821, 0.85170375, 0.85170375, 0.85170375, 0.85170375, 0.75707, 0.85170375, 0.85170375, 0.85170375, 0.85170375, 0.47316875, 0.378535, 0.378535, 0.378535, 0.378535, 0.378535, 0.378535],
  "5":[0.29821, 0.29821, 0.29821, 0.29821, 0.29821, 0.29821, 0.29821, 0.29821, 0.85170375, 0.85170375, 0.85170375, 0.85170375, 0.75707, 0.85170375, 0.85170375, 0.85170375, 0.85170375, 0.47316875, 0.378535, 0.378535, 0.378535, 0.378535, 0.378535, 0.378535],
  "6":[0.2236575, 0.2236575, 0.2236575, 0.2236575, 0.2236575, 0.2236575, 0.378535, 0.378535, 0.47316875, 0.47316875, 0.47316875, 0.47316875, 0.331218125, 0.331218125, 0.331218125, 0.331218125, 0.331218125, 0.2236575, 0.2236575, 0.2236575, 0.2236575, 0.2236575, 0.2236575, 0.2236575],
  "7":[0.2236575, 0.2236575, 0.2236575, 0.2236575, 0.2236575, 0.2236575, 0.2236575, 0.2236575, 0.2236575, 0.2236575, 0.2236575, 0.2236575, 0.2236575, 0.2236575, 0.2236575, 0.2236575, 0.2236575, 0.2236575, 0.2236575, 0.2236575, 0.2236575, 0.2236575, 0.2236575, 0.2236575]
 },
"BLDG_OCC_SCH":{
  "1":[0.0, 0.0, 0.0, 0.0, 0.0, 0.0, 0.1, 0.2, 0.95, 0.95, 0.95, 0.95, 0.5, 0.95, 0.95, 0.95, 0.95, 0.3, 0.1, 0.1, 0.1, 0.1, 0.05, 0.05],
  "2":[0.0, 0.0, 0.0, 0.0, 0.0, 0.0, 0.1, 0.2, 0.95, 0.95, 0.95, 0.95, 0.5, 0.95, 0.95, 0.95, 0.95, 0.3, 0.1, 0.1, 0.1, 0.1, 0.05, 0.05],
  "3":[0.0, 0.0, 0.0, 0.0, 0.0, 0.0, 0.1, 0.2, 0.95, 0.95, 0.95, 0.95, 0.5, 0.95, 0.95, 0.95, 0.95, 0.3, 0.1, 0.1, 0.1, 0.1, 0.05, 0.05],
  "4":[0.0, 0.0, 0.0, 0.0, 0.0, 0.0, 0.1, 0.2, 0.95, 0.95, 0.95, 0.95, 0.5, 0.95, 0.95, 0.95, 0.95, 0.3, 0.1, 0.1, 0.1, 0.1, 0.05, 0.05],
  "5":[0.0, 0.0, 0.0, 0.0, 0.0, 0.0, 0.1, 0.2, 0.95, 0.95, 0.95, 0.95, 0.5, 0.95, 0.95, 0.95, 0.95, 0.3, 0.1, 0.1, 0.1, 0.1, 0.05, 0.05],
  "6":[0.0, 0.0, 0.0, 0.0, 0.0, 0.0, 0.1, 0.1, 0.3, 0.3, 0.3, 0.3, 0.1, 0.1, 0.1, 0.1, 0.1, 0.05, 0.05, 0.0, 0.0, 0.0, 0.0, 0.0],
  "7":[0.0, 0.0, 0.0, 0.0, 0.0, 0.0, 0.05, 0.05, 0.05, 0.05, 0.05, 0.05, 0.05, 0.05, 0.05, 0.05, 0.05, 0.05, 0.0, 0.0, 0.0, 0.0, 0.0, 0.0]
 },
"CLOTHING_SCH":{
  "1":[1.0, 1.0, 1.0, 1.0, 1.0, 1.0, 1.0, 1.0, 1.0, 1.0, 1.0, 1.0, 1.0, 1.0, 1.0, 1.0, 1.0, 1.0, 1.0, 1.0, 1.0, 1.0, 1.0, 1.0],
  "2":[1.0, 1.0, 1.0, 1.0, 1.0, 1.0, 1.0, 1.0, 1.0, 1.0, 1.0, 1.0, 1.0, 1.0, 1.0, 1.0, 1.0, 1.0, 1.0, 1.0, 1.0, 1.0, 1.0, 1.0],
  "3":[1.0, 1.0, 1.0, 1.0, 1.0, 1.0, 1.0, 1.0, 1.0, 1.0, 1.0, 1.0, 1.0, 1.0, 1.0, 1.0, 1.0, 1.0, 1.0, 1.0, 1.0, 1.0, 1.0, 1.0],
  "4":[1.0, 1.0, 1.0, 1.0, 1.0, 1.0, 1.0, 1.0, 1.0, 1.0, 1.0, 1.0, 1.0, 1.0, 1.0, 1.0, 1.0, 1.0, 1.0, 1.0, 1.0, 1.0, 1.0, 1.0],
  "5":[1.0, 1.0, 1.0, 1.0, 1.0, 1.0, 1.0, 1.0, 1.0, 1.0, 1.0, 1.0, 1.0, 1.0, 1.0, 1.0, 1.0, 1.0, 1.0, 1.0, 1.0, 1.0, 1.0, 1.0],
  "6":[1.0, 1.0, 1.0, 1.0, 1.0, 1.0, 1.0, 1.0, 1.0, 1.0, 1.0, 1.0, 1.0, 1.0, 1.0, 1.0, 1.0, 1.0, 1.0, 1.0, 1.0, 1.0, 1.0, 1.0],
  "7":[1.0, 1.0, 1.0, 1.0, 1.0, 1.0, 1.0, 1.0, 1.0, 1.0, 1.0, 1.0, 1.0, 1.0, 1.0, 1.0, 1.0, 1.0, 1.0, 1.0, 1.0, 1.0, 1.0, 1.0]
 },
"INFIL_SCH_PNNL":{
  "1":[1.0, 1.0, 1.0, 1.0, 1.0, 1.0, 0.25, 0.25, 0.25, 0.25, 0.25, 0.25, 0.25, 0.25, 0.25, 0.25, 0.25, 0.25, 0.25, 0.25, 0.25, 0.25, 1.0, 1.0],
  "2":[1.0, 1.0, 1.0, 1.0, 1.0, 1.0, 0.25, 0.25, 0.25, 0.25, 0.25, 0.25, 0.25, 0.25, 0.25, 0.25, 0.25, 0.25, 0.25, 0.25, 0.25, 0.25, 1.0, 1.0],
  "3":[1.0, 1.0, 1.0, 1.0, 1.0, 1.0, 0.25, 0.25, 0.25, 0.25, 0.25, 0.25, 0.25, 0.25, 0.25, 0.25, 0.25, 0.25, 0.25, 0.25, 0.25, 0.25, 1.0, 1.0],
  "4":[1.0, 1.0, 1.0, 1.0, 1.0, 1.0, 0.25, 0.25, 0.25, 0.25, 0.25, 0.25, 0.25, 0.25, 0.25, 0.25, 0.25, 0.25, 0.25, 0.25, 0.25, 0.25, 1.0, 1.0],
  "5":[1.0, 1.0, 1.0, 1.0, 1.0, 1.0, 0.25, 0.25, 0.25, 0.25, 0.25, 0.25, 0.25, 0.25, 0.25, 0.25, 0.25, 0.25, 0.25, 0.25, 0.25, 0.25, 1.0, 1.0],
  "6":[1.0, 1.0, 1.0, 1.0, 1.0, 1.0, 0.25, 0.25, 0.25, 0.25, 0.25, 0.25, 0.25, 0.25, 0.25, 0.25, 0.25, 0.25, 1.0, 1.0, 1.0, 1.0, 1.0, 1.0],
  "7":[1.0, 1.0, 1.0, 1.0, 1.0, 1.0, 1.0, 1.0, 1.0, 1.0, 1.0, 1.0, 1.0, 1.0, 1.0, 1.0, 1.0, 1.0, 1.0, 1.0, 1.0, 1.0, 1.0, 1.0]
 },
"BLDG_LIGHT_SCH":{
  "1":[0.05, 0.05, 0.05, 0.05, 0.05, 0.1, 0.1, 0.3, 0.9, 0.9, 0.9, 0.9, 0.9, 0.9, 0.9, 0.9, 0.9, 0.5, 0.3, 0.3, 0.2, 0.2, 0.1, 0.05],
  "2":[0.05, 0.05, 0.05, 0.05, 0.05, 0.1, 0.1, 0.3, 0.9, 0.9, 0.9, 0.9, 0.9, 0.9, 0.9, 0.9, 0.9, 0.5, 0.3, 0.3, 0.2, 0.2, 0.1, 0.05],
  "3":[0.05, 0.05, 0.05, 0.05, 0.05, 0.1, 0.1, 0.3, 0.9, 0.9, 0.9, 0.9, 0.9, 0.9, 0.9, 0.9, 0.9, 0.5, 0.3, 0.3, 0.2, 0.2, 0.1, 0.05],
  "4":[0.05, 0.05, 0.05, 0.05, 0.05, 0.1, 0.1, 0.3, 0.9, 0.9, 0.9, 0.9, 0.9, 0.9, 0.9, 0.9, 0.9, 0.5, 0.3, 0.3, 0.2, 0.2, 0.1, 0.05],
  "5":[0.05, 0.05, 0.05, 0.05, 0.05, 0.1, 0.1, 0.3, 0.9, 0.9, 0.9, 0.9, 0.9, 0.9, 0.9, 0.9, 0.9, 0.5, 0.3, 0.3, 0.2, 0.2, 0.1, 0.05],
  "6":[0.05, 0.05, 0.05, 0.05, 0.05, 0.05, 0.1, 0.1, 0.3, 0.3, 0.3, 0.3, 0.15, 0.15, 0.15, 0.15, 0.15, 0.05, 0.05, 0.05, 0.05, 0.05, 0.05, 0.05],
  "7":[0.05, 0.05, 0.05, 0.05, 0.05, 0.05, 0.05, 0.05, 0.05, 0.05, 0.05, 0.05, 0.05, 0.05, 0.05, 0.05, 0.05, 0.05, 0.05, 0.05, 0.05, 0.05, 0.05, 0.05]
 }
}