file,symbol_type,symbol_name,line,status,length
C:\Users\kerb930\Documents\Transactive Energy\Community Engagement\doc_strings\tesp\src\tesp_support\tesp_support\api\__init__.py,module,__init__,1,present_ok,88
C:\Users\kerb930\Documents\Transactive Energy\Community Engagement\doc_strings\tesp\src\tesp_support\tesp_support\api\bench_profile.py,module,bench_profile,1,missing,0
C:\Users\kerb930\Documents\Transactive Energy\Community Engagement\doc_strings\tesp\src\tesp_support\tesp_support\api\bench_profile.py,function,bench_profile,4,missing,0
C:\Users\kerb930\Documents\Transactive Energy\Community Engagement\doc_strings\tesp\src\tesp_support\tesp_support\api\bench_profile.py,function,exec_profiler,10,missing,0
C:\Users\kerb930\Documents\Transactive Energy\Community Engagement\doc_strings\tesp\src\tesp_support\tesp_support\api\bench_profile.py,function,no_profiler,52,missing,0
C:\Users\kerb930\Documents\Transactive Energy\Community Engagement\doc_strings\tesp\src\tesp_support\tesp_support\api\bench_profile.py,function,report_resource,18,missing,0
C:\Users\kerb930\Documents\Transactive Energy\Community Engagement\doc_strings\tesp\src\tesp_support\tesp_support\api\data.py,module,data,1,present_ok,52
C:\Users\kerb930\Documents\Transactive Energy\Community Engagement\doc_strings\tesp\src\tesp_support\tesp_support\api\data.py,function,arguments,86,missing,0
C:\Users\kerb930\Documents\Transactive Energy\Community Engagement\doc_strings\tesp\src\tesp_support\tesp_support\api\data.py,function,tesp_component,129,missing,0
C:\Users\kerb930\Documents\Transactive Energy\Community Engagement\doc_strings\tesp\src\tesp_support\tesp_support\api\entity.py,module,entity,1,present_short,0
C:\Users\kerb930\Documents\Transactive Energy\Community Engagement\doc_strings\tesp\src\tesp_support\tesp_support\api\entity.py,function,assign_defaults,11,present_ok,288
C:\Users\kerb930\Documents\Transactive Energy\Community Engagement\doc_strings\tesp\src\tesp_support\tesp_support\api\entity.py,function,assign_item_defaults,27,present_ok,293
C:\Users\kerb930\Documents\Transactive Energy\Community Engagement\doc_strings\tesp\src\tesp_support\tesp_support\api\entity.py,class,Item,46,missing,0
C:\Users\kerb930\Documents\Transactive Energy\Community Engagement\doc_strings\tesp\src\tesp_support\tesp_support\api\entity.py,class,Entity,101,missing,0
C:\Users\kerb930\Documents\Transactive Energy\Community Engagement\doc_strings\tesp\src\tesp_support\tesp_support\api\entity.py,function,_test,439,missing,0
C:\Users\kerb930\Documents\Transactive Energy\Community Engagement\doc_strings\tesp\src\tesp_support\tesp_support\api\entity.py,function,__init__,47,missing,0
C:\Users\kerb930\Documents\Transactive Energy\Community Engagement\doc_strings\tesp\src\tesp_support\tesp_support\api\entity.py,function,__enter__,55,missing,0
C:\Users\kerb930\Documents\Transactive Energy\Community Engagement\doc_strings\tesp\src\tesp_support\tesp_support\api\entity.py,function,__exit__,58,missing,0
C:\Users\kerb930\Documents\Transactive Energy\Community Engagement\doc_strings\tesp\src\tesp_support\tesp_support\api\entity.py,function,__repr__,61,missing,0
C:\Users\kerb930\Documents\Transactive Energy\Community Engagement\doc_strings\tesp\src\tesp_support\tesp_support\api\entity.py,function,toFrame,67,present_ok,120
C:\Users\kerb930\Documents\Transactive Energy\Community Engagement\doc_strings\tesp\src\tesp_support\tesp_support\api\entity.py,function,toList,75,present_ok,107
C:\Users\kerb930\Documents\Transactive Energy\Community Engagement\doc_strings\tesp\src\tesp_support\tesp_support\api\entity.py,function,toJSON,83,present_ok,125
C:\Users\kerb930\Documents\Transactive Energy\Community Engagement\doc_strings\tesp\src\tesp_support\tesp_support\api\entity.py,function,__init__,102,missing,0
C:\Users\kerb930\Documents\Transactive Energy\Community Engagement\doc_strings\tesp\src\tesp_support\tesp_support\api\entity.py,function,__enter__,129,missing,0
C:\Users\kerb930\Documents\Transactive Energy\Community Engagement\doc_strings\tesp\src\tesp_support\tesp_support\api\entity.py,function,__exit__,132,missing,0
C:\Users\kerb930\Documents\Transactive Energy\Community Engagement\doc_strings\tesp\src\tesp_support\tesp_support\api\entity.py,function,__str__,135,missing,0
C:\Users\kerb930\Documents\Transactive Energy\Community Engagement\doc_strings\tesp\src\tesp_support\tesp_support\api\entity.py,function,count,138,present_ok,68
C:\Users\kerb930\Documents\Transactive Energy\Community Engagement\doc_strings\tesp\src\tesp_support\tesp_support\api\entity.py,function,find_item,146,present_ok,140
C:\Users\kerb930\Documents\Transactive Energy\Community Engagement\doc_strings\tesp\src\tesp_support\tesp_support\api\entity.py,function,set_instance,159,present_ok,259
C:\Users\kerb930\Documents\Transactive Energy\Community Engagement\doc_strings\tesp\src\tesp_support\tesp_support\api\entity.py,function,get_instance,200,present_ok,207
C:\Users\kerb930\Documents\Transactive Energy\Community Engagement\doc_strings\tesp\src\tesp_support\tesp_support\api\entity.py,function,del_instance,218,present_ok,97
C:\Users\kerb930\Documents\Transactive Energy\Community Engagement\doc_strings\tesp\src\tesp_support\tesp_support\api\entity.py,function,add_attr,234,present_ok,355
C:\Users\kerb930\Documents\Transactive Energy\Community Engagement\doc_strings\tesp\src\tesp_support\tesp_support\api\entity.py,function,del_attr,251,present_ok,106
C:\Users\kerb930\Documents\Transactive Energy\Community Engagement\doc_strings\tesp\src\tesp_support\tesp_support\api\entity.py,function,set_item,276,present_ok,286
C:\Users\kerb930\Documents\Transactive Energy\Community Engagement\doc_strings\tesp\src\tesp_support\tesp_support\api\entity.py,function,del_item,293,present_ok,165
C:\Users\kerb930\Documents\Transactive Energy\Community Engagement\doc_strings\tesp\src\tesp_support\tesp_support\api\entity.py,function,toList,309,present_ok,94
C:\Users\kerb930\Documents\Transactive Energy\Community Engagement\doc_strings\tesp\src\tesp_support\tesp_support\api\entity.py,function,toJson,322,present_ok,126
C:\Users\kerb930\Documents\Transactive Energy\Community Engagement\doc_strings\tesp\src\tesp_support\tesp_support\api\entity.py,function,toHelp,335,present_ok,169
C:\Users\kerb930\Documents\Transactive Energy\Community Engagement\doc_strings\tesp\src\tesp_support\tesp_support\api\entity.py,function,toSQLite,350,present_ok,198
C:\Users\kerb930\Documents\Transactive Energy\Community Engagement\doc_strings\tesp\src\tesp_support\tesp_support\api\entity.py,function,instanceToJson,384,present_ok,127
C:\Users\kerb930\Documents\Transactive Energy\Community Engagement\doc_strings\tesp\src\tesp_support\tesp_support\api\entity.py,function,instanceToSQLite,398,present_ok,118
C:\Users\kerb930\Documents\Transactive Energy\Community Engagement\doc_strings\tesp\src\tesp_support\tesp_support\api\entity.py,class,mytest,445,missing,0
C:\Users\kerb930\Documents\Transactive Energy\Community Engagement\doc_strings\tesp\src\tesp_support\tesp_support\api\entity.py,function,test,446,missing,0
C:\Users\kerb930\Documents\Transactive Energy\Community Engagement\doc_strings\tesp\src\tesp_support\tesp_support\api\gld_feeder_generator.py,module,gld_feeder_generator,1,present_ok,4972
C:\Users\kerb930\Documents\Transactive Energy\Community Engagement\doc_strings\tesp\src\tesp_support\tesp_support\api\gld_feeder_generator.py,class,Config,148,missing,0
C:\Users\kerb930\Documents\Transactive Energy\Community Engagement\doc_strings\tesp\src\tesp_support\tesp_support\api\gld_feeder_generator.py,class,Residential_Build,368,missing,0
C:\Users\kerb930\Documents\Transactive Energy\Community Engagement\doc_strings\tesp\src\tesp_support\tesp_support\api\gld_feeder_generator.py,class,Commercial_Build,1119,missing,0
C:\Users\kerb930\Documents\Transactive Energy\Community Engagement\doc_strings\tesp\src\tesp_support\tesp_support\api\gld_feeder_generator.py,class,Battery,1743,missing,0
C:\Users\kerb930\Documents\Transactive Energy\Community Engagement\doc_strings\tesp\src\tesp_support\tesp_support\api\gld_feeder_generator.py,class,Solar,1829,missing,0
C:\Users\kerb930\Documents\Transactive Energy\Community Engagement\doc_strings\tesp\src\tesp_support\tesp_support\api\gld_feeder_generator.py,class,Electric_Vehicle,1917,missing,0
C:\Users\kerb930\Documents\Transactive Energy\Community Engagement\doc_strings\tesp\src\tesp_support\tesp_support\api\gld_feeder_generator.py,class,Feeder,2149,missing,0
C:\Users\kerb930\Documents\Transactive Energy\Community Engagement\doc_strings\tesp\src\tesp_support\tesp_support\api\gld_feeder_generator.py,function,_test1,2587,missing,0
C:\Users\kerb930\Documents\Transactive Energy\Community Engagement\doc_strings\tesp\src\tesp_support\tesp_support\api\gld_feeder_generator.py,function,_test2,2595,missing,0
C:\Users\kerb930\Documents\Transactive Energy\Community Engagement\doc_strings\tesp\src\tesp_support\tesp_support\api\gld_feeder_generator.py,function,__init__,149,missing,0
C:\Users\kerb930\Documents\Transactive Energy\Community Engagement\doc_strings\tesp\src\tesp_support\tesp_support\api\gld_feeder_generator.py,function,preamble,165,present_ok,131
C:\Users\kerb930\Documents\Transactive Energy\Community Engagement\doc_strings\tesp\src\tesp_support\tesp_support\api\gld_feeder_generator.py,function,generate_recs,251,present_ok,104
C:\Users\kerb930\Documents\Transactive Energy\Community Engagement\doc_strings\tesp\src\tesp_support\tesp_support\api\gld_feeder_generator.py,function,load_recs,269,present_ok,412
C:\Users\kerb930\Documents\Transactive Energy\Community Engagement\doc_strings\tesp\src\tesp_support\tesp_support\api\gld_feeder_generator.py,function,load_position,319,present_ok,479
C:\Users\kerb930\Documents\Transactive Energy\Community Engagement\doc_strings\tesp\src\tesp_support\tesp_support\api\gld_feeder_generator.py,function,add_position,351,present_ok,333
C:\Users\kerb930\Documents\Transactive Energy\Community Engagement\doc_strings\tesp\src\tesp_support\tesp_support\api\gld_feeder_generator.py,function,__init__,369,missing,0
C:\Users\kerb930\Documents\Transactive Energy\Community Engagement\doc_strings\tesp\src\tesp_support\tesp_support\api\gld_feeder_generator.py,function,buildingTypeLabel,374,present_ok,464
C:\Users\kerb930\Documents\Transactive Energy\Community Engagement\doc_strings\tesp\src\tesp_support\tesp_support\api\gld_feeder_generator.py,function,checkResidentialBuildingTable,390,present_ok,101
C:\Users\kerb930\Documents\Transactive Energy\Community Engagement\doc_strings\tesp\src\tesp_support\tesp_support\api\gld_feeder_generator.py,function,selectSetpointBins,422,present_ok,395
C:\Users\kerb930\Documents\Transactive Energy\Community Engagement\doc_strings\tesp\src\tesp_support\tesp_support\api\gld_feeder_generator.py,function,add_small_loads,452,present_ok,233
C:\Users\kerb930\Documents\Transactive Energy\Community Engagement\doc_strings\tesp\src\tesp_support\tesp_support\api\gld_feeder_generator.py,function,getDsoIncomeLevelTable,507,present_ok,370
C:\Users\kerb930\Documents\Transactive Energy\Community Engagement\doc_strings\tesp\src\tesp_support\tesp_support\api\gld_feeder_generator.py,function,selectIncomeLevel,539,present_ok,190
C:\Users\kerb930\Documents\Transactive Energy\Community Engagement\doc_strings\tesp\src\tesp_support\tesp_support\api\gld_feeder_generator.py,function,getDsoThermalTable,558,present_ok,331
C:\Users\kerb930\Documents\Transactive Energy\Community Engagement\doc_strings\tesp\src\tesp_support\tesp_support\api\gld_feeder_generator.py,function,selectResidentialBuilding,591,present_ok,237
C:\Users\kerb930\Documents\Transactive Energy\Community Engagement\doc_strings\tesp\src\tesp_support\tesp_support\api\gld_feeder_generator.py,function,selectThermalProperties,612,present_ok,322
C:\Users\kerb930\Documents\Transactive Energy\Community Engagement\doc_strings\tesp\src\tesp_support\tesp_support\api\gld_feeder_generator.py,function,add_houses,632,present_ok,398
C:\Users\kerb930\Documents\Transactive Energy\Community Engagement\doc_strings\tesp\src\tesp_support\tesp_support\api\gld_feeder_generator.py,function,__init__,1120,missing,0
C:\Users\kerb930\Documents\Transactive Energy\Community Engagement\doc_strings\tesp\src\tesp_support\tesp_support\api\gld_feeder_generator.py,function,add_one_commercial_zone,1125,present_ok,374
C:\Users\kerb930\Documents\Transactive Energy\Community Engagement\doc_strings\tesp\src\tesp_support\tesp_support\api\gld_feeder_generator.py,function,define_commercial_zones,1251,present_ok,442
C:\Users\kerb930\Documents\Transactive Energy\Community Engagement\doc_strings\tesp\src\tesp_support\tesp_support\api\gld_feeder_generator.py,function,define_comm_bldg,1586,present_ok,286
C:\Users\kerb930\Documents\Transactive Energy\Community Engagement\doc_strings\tesp\src\tesp_support\tesp_support\api\gld_feeder_generator.py,function,normalize_dict_prob,1611,present_ok,430
C:\Users\kerb930\Documents\Transactive Energy\Community Engagement\doc_strings\tesp\src\tesp_support\tesp_support\api\gld_feeder_generator.py,function,rand_bin_select,1638,present_ok,285
C:\Users\kerb930\Documents\Transactive Energy\Community Engagement\doc_strings\tesp\src\tesp_support\tesp_support\api\gld_feeder_generator.py,function,sub_bin_select,1662,present_ok,371
C:\Users\kerb930\Documents\Transactive Energy\Community Engagement\doc_strings\tesp\src\tesp_support\tesp_support\api\gld_feeder_generator.py,function,find_envelope_prop,1694,present_ok,584
C:\Users\kerb930\Documents\Transactive Energy\Community Engagement\doc_strings\tesp\src\tesp_support\tesp_support\api\gld_feeder_generator.py,function,__init__,1744,missing,0
C:\Users\kerb930\Documents\Transactive Energy\Community Engagement\doc_strings\tesp\src\tesp_support\tesp_support\api\gld_feeder_generator.py,function,add_batt,1751,present_ok,802
C:\Users\kerb930\Documents\Transactive Energy\Community Engagement\doc_strings\tesp\src\tesp_support\tesp_support\api\gld_feeder_generator.py,function,__init__,1830,missing,0
C:\Users\kerb930\Documents\Transactive Energy\Community Engagement\doc_strings\tesp\src\tesp_support\tesp_support\api\gld_feeder_generator.py,function,add_solar,1837,present_ok,860
C:\Users\kerb930\Documents\Transactive Energy\Community Engagement\doc_strings\tesp\src\tesp_support\tesp_support\api\gld_feeder_generator.py,function,__init__,1918,missing,0
C:\Users\kerb930\Documents\Transactive Energy\Community Engagement\doc_strings\tesp\src\tesp_support\tesp_support\api\gld_feeder_generator.py,function,add_ev,1924,present_ok,896
C:\Users\kerb930\Documents\Transactive Energy\Community Engagement\doc_strings\tesp\src\tesp_support\tesp_support\api\gld_feeder_generator.py,function,selectEVmodel,1995,present_ok,295
C:\Users\kerb930\Documents\Transactive Energy\Community Engagement\doc_strings\tesp\src\tesp_support\tesp_support\api\gld_feeder_generator.py,function,match_driving_schedule,2016,present_ok,1452
C:\Users\kerb930\Documents\Transactive Energy\Community Engagement\doc_strings\tesp\src\tesp_support\tesp_support\api\gld_feeder_generator.py,function,is_drive_time_valid,2091,present_ok,274
C:\Users\kerb930\Documents\Transactive Energy\Community Engagement\doc_strings\tesp\src\tesp_support\tesp_support\api\gld_feeder_generator.py,function,process_nhts_data,2112,present_ok,314
C:\Users\kerb930\Documents\Transactive Energy\Community Engagement\doc_strings\tesp\src\tesp_support\tesp_support\api\gld_feeder_generator.py,function,__init__,2150,present_ok,766
C:\Users\kerb930\Documents\Transactive Energy\Community Engagement\doc_strings\tesp\src\tesp_support\tesp_support\api\gld_feeder_generator.py,function,feeder_gen,2268,present_ok,572
C:\Users\kerb930\Documents\Transactive Energy\Community Engagement\doc_strings\tesp\src\tesp_support\tesp_support\api\gld_feeder_generator.py,function,identify_xfmr_houses,2413,present_ok,445
C:\Users\kerb930\Documents\Transactive Energy\Community Engagement\doc_strings\tesp\src\tesp_support\tesp_support\api\gld_feeder_generator.py,function,identify_commercial_loads,2472,present_ok,295
C:\Users\kerb930\Documents\Transactive Energy\Community Engagement\doc_strings\tesp\src\tesp_support\tesp_support\api\gridpiq.py,module,gridpiq,1,present_ok,66
C:\Users\kerb930\Documents\Transactive Energy\Community Engagement\doc_strings\tesp\src\tesp_support\tesp_support\api\gridpiq.py,class,GridPIQ,17,missing,0
C:\Users\kerb930\Documents\Transactive Energy\Community Engagement\doc_strings\tesp\src\tesp_support\tesp_support\api\gridpiq.py,function,_test,168,missing,0
C:\Users\kerb930\Documents\Transactive Energy\Community Engagement\doc_strings\tesp\src\tesp_support\tesp_support\api\gridpiq.py,function,__init__,21,missing,0
C:\Users\kerb930\Documents\Transactive Energy\Community Engagement\doc_strings\tesp\src\tesp_support\tesp_support\api\gridpiq.py,function,reset_dispatch_data,38,present_short,0
C:\Users\kerb930\Documents\Transactive Energy\Community Engagement\doc_strings\tesp\src\tesp_support\tesp_support\api\gridpiq.py,function,set_dispatch_data,48,present_ok,58
C:\Users\kerb930\Documents\Transactive Energy\Community Engagement\doc_strings\tesp\src\tesp_support\tesp_support\api\gridpiq.py,function,avg_dispatch_data,74,present_ok,30
C:\Users\kerb930\Documents\Transactive Energy\Community Engagement\doc_strings\tesp\src\tesp_support\tesp_support\api\gridpiq.py,function,set_max_load,87,present_ok,31
C:\Users\kerb930\Documents\Transactive Energy\Community Engagement\doc_strings\tesp\src\tesp_support\tesp_support\api\gridpiq.py,function,set_datetime,96,present_ok,263
C:\Users\kerb930\Documents\Transactive Energy\Community Engagement\doc_strings\tesp\src\tesp_support\tesp_support\api\gridpiq.py,function,toJson,120,present_short,26
C:\Users\kerb930\Documents\Transactive Energy\Community Engagement\doc_strings\tesp\src\tesp_support\tesp_support\api\gridpiq.py,function,write,163,missing,0
C:\Users\kerb930\Documents\Transactive Energy\Community Engagement\doc_strings\tesp\src\tesp_support\tesp_support\api\helpers.py,module,helpers,1,present_ok,68
C:\Users\kerb930\Documents\Transactive Energy\Community Engagement\doc_strings\tesp\src\tesp_support\tesp_support\api\helpers.py,function,enable_logging,16,present_ok,264
C:\Users\kerb930\Documents\Transactive Energy\Community Engagement\doc_strings\tesp\src\tesp_support\tesp_support\api\helpers.py,class,all_from_one_level_down,56,missing,0
C:\Users\kerb930\Documents\Transactive Energy\Community Engagement\doc_strings\tesp\src\tesp_support\tesp_support\api\helpers.py,class,all_but_one_level,64,missing,0
C:\Users\kerb930\Documents\Transactive Energy\Community Engagement\doc_strings\tesp\src\tesp_support\tesp_support\api\helpers.py,function,randomize_skew,73,missing,0
C:\Users\kerb930\Documents\Transactive Energy\Community Engagement\doc_strings\tesp\src\tesp_support\tesp_support\api\helpers.py,function,randomize_commercial_skew,82,missing,0
C:\Users\kerb930\Documents\Transactive Energy\Community Engagement\doc_strings\tesp\src\tesp_support\tesp_support\api\helpers.py,function,randomize_residential_skew,88,missing,0
C:\Users\kerb930\Documents\Transactive Energy\Community Engagement\doc_strings\tesp\src\tesp_support\tesp_support\api\helpers.py,function,get_run_solver,97,present_ok,735
C:\Users\kerb930\Documents\Transactive Energy\Community Engagement\doc_strings\tesp\src\tesp_support\tesp_support\api\helpers.py,function,random_norm_trunc,147,missing,0
C:\Users\kerb930\Documents\Transactive Energy\Community Engagement\doc_strings\tesp\src\tesp_support\tesp_support\api\helpers.py,function,zoneMeterName,156,present_ok,309
C:\Users\kerb930\Documents\Transactive Energy\Community Engagement\doc_strings\tesp\src\tesp_support\tesp_support\api\helpers.py,function,gld_strict_name,170,present_ok,350
C:\Users\kerb930\Documents\Transactive Energy\Community Engagement\doc_strings\tesp\src\tesp_support\tesp_support\api\helpers.py,function,get_region,187,missing,0
C:\Users\kerb930\Documents\Transactive Energy\Community Engagement\doc_strings\tesp\src\tesp_support\tesp_support\api\helpers.py,class,HelicsMsg,202,missing,0
C:\Users\kerb930\Documents\Transactive Energy\Community Engagement\doc_strings\tesp\src\tesp_support\tesp_support\api\helpers.py,function,__init__,57,missing,0
C:\Users\kerb930\Documents\Transactive Energy\Community Engagement\doc_strings\tesp\src\tesp_support\tesp_support\api\helpers.py,function,filter,60,missing,0
C:\Users\kerb930\Documents\Transactive Energy\Community Engagement\doc_strings\tesp\src\tesp_support\tesp_support\api\helpers.py,function,__init__,65,missing,0
C:\Users\kerb930\Documents\Transactive Energy\Community Engagement\doc_strings\tesp\src\tesp_support\tesp_support\api\helpers.py,function,filter,69,missing,0
C:\Users\kerb930\Documents\Transactive Energy\Community Engagement\doc_strings\tesp\src\tesp_support\tesp_support\api\helpers.py,function,__init__,204,missing,0
C:\Users\kerb930\Documents\Transactive Energy\Community Engagement\doc_strings\tesp\src\tesp_support\tesp_support\api\helpers.py,function,write_file,214,missing,0
C:\Users\kerb930\Documents\Transactive Energy\Community Engagement\doc_strings\tesp\src\tesp_support\tesp_support\api\helpers.py,function,config,221,missing,0
C:\Users\kerb930\Documents\Transactive Energy\Community Engagement\doc_strings\tesp\src\tesp_support\tesp_support\api\helpers.py,function,pubs,224,missing,0
C:\Users\kerb930\Documents\Transactive Energy\Community Engagement\doc_strings\tesp\src\tesp_support\tesp_support\api\helpers.py,function,pubs_n,228,missing,0
C:\Users\kerb930\Documents\Transactive Energy\Community Engagement\doc_strings\tesp\src\tesp_support\tesp_support\api\helpers.py,function,pubs_e,231,missing,0
C:\Users\kerb930\Documents\Transactive Energy\Community Engagement\doc_strings\tesp\src\tesp_support\tesp_support\api\helpers.py,function,subs,235,missing,0
C:\Users\kerb930\Documents\Transactive Energy\Community Engagement\doc_strings\tesp\src\tesp_support\tesp_support\api\helpers.py,function,subs_e,239,missing,0
C:\Users\kerb930\Documents\Transactive Energy\Community Engagement\doc_strings\tesp\src\tesp_support\tesp_support\api\helpers.py,function,subs_n,243,missing,0
C:\Users\kerb930\Documents\Transactive Energy\Community Engagement\doc_strings\tesp\src\tesp_support\tesp_support\api\make_ems.py,module,make_ems,1,present_ok,250
C:\Users\kerb930\Documents\Transactive Energy\Community Engagement\doc_strings\tesp\src\tesp_support\tesp_support\api\make_ems.py,function,idf_int,15,present_ok,253
C:\Users\kerb930\Documents\Transactive Energy\Community Engagement\doc_strings\tesp\src\tesp_support\tesp_support\api\make_ems.py,function,valid_var,30,missing,0
C:\Users\kerb930\Documents\Transactive Energy\Community Engagement\doc_strings\tesp\src\tesp_support\tesp_support\api\make_ems.py,function,schedule_sensor,34,missing,0
C:\Users\kerb930\Documents\Transactive Energy\Community Engagement\doc_strings\tesp\src\tesp_support\tesp_support\api\make_ems.py,function,schedule_actuator,41,missing,0
C:\Users\kerb930\Documents\Transactive Energy\Community Engagement\doc_strings\tesp\src\tesp_support\tesp_support\api\make_ems.py,function,global_variable,49,missing,0
C:\Users\kerb930\Documents\Transactive Energy\Community Engagement\doc_strings\tesp\src\tesp_support\tesp_support\api\make_ems.py,function,output_variable,54,missing,0
C:\Users\kerb930\Documents\Transactive Energy\Community Engagement\doc_strings\tesp\src\tesp_support\tesp_support\api\make_ems.py,function,heating_coil_sensor,64,missing,0
C:\Users\kerb930\Documents\Transactive Energy\Community Engagement\doc_strings\tesp\src\tesp_support\tesp_support\api\make_ems.py,function,cooling_coil_sensor,71,missing,0
C:\Users\kerb930\Documents\Transactive Energy\Community Engagement\doc_strings\tesp\src\tesp_support\tesp_support\api\make_ems.py,function,zone_temperature_sensor,78,missing,0
C:\Users\kerb930\Documents\Transactive Energy\Community Engagement\doc_strings\tesp\src\tesp_support\tesp_support\api\make_ems.py,function,zone_heating_sensor,85,missing,0
C:\Users\kerb930\Documents\Transactive Energy\Community Engagement\doc_strings\tesp\src\tesp_support\tesp_support\api\make_ems.py,function,zone_sensible_heating_sensor,92,missing,0
C:\Users\kerb930\Documents\Transactive Energy\Community Engagement\doc_strings\tesp\src\tesp_support\tesp_support\api\make_ems.py,function,zone_sensible_cooling_sensor,99,missing,0
C:\Users\kerb930\Documents\Transactive Energy\Community Engagement\doc_strings\tesp\src\tesp_support\tesp_support\api\make_ems.py,function,zone_occupant_sensor,106,missing,0
C:\Users\kerb930\Documents\Transactive Energy\Community Engagement\doc_strings\tesp\src\tesp_support\tesp_support\api\make_ems.py,function,get_eplus_token,113,missing,0
C:\Users\kerb930\Documents\Transactive Energy\Community Engagement\doc_strings\tesp\src\tesp_support\tesp_support\api\make_ems.py,function,print_idf_summary,121,missing,0
C:\Users\kerb930\Documents\Transactive Energy\Community Engagement\doc_strings\tesp\src\tesp_support\tesp_support\api\make_ems.py,function,summarize_idf,150,missing,0
C:\Users\kerb930\Documents\Transactive Energy\Community Engagement\doc_strings\tesp\src\tesp_support\tesp_support\api\make_ems.py,function,write_new_ems,263,missing,0
C:\Users\kerb930\Documents\Transactive Energy\Community Engagement\doc_strings\tesp\src\tesp_support\tesp_support\api\make_ems.py,function,make_ems,566,present_ok,335
C:\Users\kerb930\Documents\Transactive Energy\Community Engagement\doc_strings\tesp\src\tesp_support\tesp_support\api\make_ems.py,function,merge_idf,585,present_ok,383
C:\Users\kerb930\Documents\Transactive Energy\Community Engagement\doc_strings\tesp\src\tesp_support\tesp_support\api\metrics_api.py,module,metrics_api,1,missing,0
C:\Users\kerb930\Documents\Transactive Energy\Community Engagement\doc_strings\tesp\src\tesp_support\tesp_support\api\metrics_api.py,function,synch_time_series,11,present_ok,740
C:\Users\kerb930\Documents\Transactive Energy\Community Engagement\doc_strings\tesp\src\tesp_support\tesp_support\api\metrics_api.py,function,get_synch_date_range,35,present_ok,411
C:\Users\kerb930\Documents\Transactive Energy\Community Engagement\doc_strings\tesp\src\tesp_support\tesp_support\api\metrics_api.py,function,synch_series_lengths,56,present_ok,371
C:\Users\kerb930\Documents\Transactive Energy\Community Engagement\doc_strings\tesp\src\tesp_support\tesp_support\api\metrics_api.py,function,synch_series,74,present_ok,611
C:\Users\kerb930\Documents\Transactive Energy\Community Engagement\doc_strings\tesp\src\tesp_support\tesp_support\api\metrics_api.py,function,get_avg_customer_demand,94,present_ok,585
C:\Users\kerb930\Documents\Transactive Energy\Community Engagement\doc_strings\tesp\src\tesp_support\tesp_support\api\metrics_api.py,function,get_under_voltage_count,120,present_ok,610
C:\Users\kerb930\Documents\Transactive Energy\Community Engagement\doc_strings\tesp\src\tesp_support\tesp_support\api\metrics_api.py,function,get_valuation,152,present_ok,894
C:\Users\kerb930\Documents\Transactive Energy\Community Engagement\doc_strings\tesp\src\tesp_support\tesp_support\api\metrics_api.py,function,get_pv_aep_valuation,193,present_ok,486
C:\Users\kerb930\Documents\Transactive Energy\Community Engagement\doc_strings\tesp\src\tesp_support\tesp_support\api\metrics_api.py,function,actual_der_vs_projected_ratio,210,present_ok,807
C:\Users\kerb930\Documents\Transactive Energy\Community Engagement\doc_strings\tesp\src\tesp_support\tesp_support\api\metrics_api.py,function,get_average_air_temp_deviation,252,present_ok,906
C:\Users\kerb930\Documents\Transactive Energy\Community Engagement\doc_strings\tesp\src\tesp_support\tesp_support\api\metrics_api.py,function,get_unserved_electric_load,304,present_ok,715
C:\Users\kerb930\Documents\Transactive Energy\Community Engagement\doc_strings\tesp\src\tesp_support\tesp_support\api\metrics_api.py,function,get_transmission_voltage_magnitude,345,present_ok,796
C:\Users\kerb930\Documents\Transactive Energy\Community Engagement\doc_strings\tesp\src\tesp_support\tesp_support\api\metrics_api.py,function,get_feeder_energy_losses,385,present_ok,1048
C:\Users\kerb930\Documents\Transactive Energy\Community Engagement\doc_strings\tesp\src\tesp_support\tesp_support\api\metrics_api.py,function,get_peak_demand,437,present_ok,610
C:\Users\kerb930\Documents\Transactive Energy\Community Engagement\doc_strings\tesp\src\tesp_support\tesp_support\api\metrics_api.py,function,get_peak_supply,463,present_ok,610
C:\Users\kerb930\Documents\Transactive Energy\Community Engagement\doc_strings\tesp\src\tesp_support\tesp_support\api\metrics_api.py,function,get_max_under_voltage,489,present_ok,838
C:\Users\kerb930\Documents\Transactive Energy\Community Engagement\doc_strings\tesp\src\tesp_support\tesp_support\api\metrics_api.py,function,get_max_over_voltage,533,present_ok,839
C:\Users\kerb930\Documents\Transactive Energy\Community Engagement\doc_strings\tesp\src\tesp_support\tesp_support\api\metrics_api.py,function,get_indoor_air_temp_deviation,578,present_ok,862
C:\Users\kerb930\Documents\Transactive Energy\Community Engagement\doc_strings\tesp\src\tesp_support\tesp_support\api\metrics_api.py,function,get_max_duration_under_voltage,622,present_ok,805
C:\Users\kerb930\Documents\Transactive Energy\Community Engagement\doc_strings\tesp\src\tesp_support\tesp_support\api\metrics_api.py,function,get_max_duration_over_voltage,656,present_ok,803
C:\Users\kerb930\Documents\Transactive Energy\Community Engagement\doc_strings\tesp\src\tesp_support\tesp_support\api\metrics_api.py,function,get_average_unit_price,690,present_ok,658
C:\Users\kerb930\Documents\Transactive Energy\Community Engagement\doc_strings\tesp\src\tesp_support\tesp_support\api\metrics_api.py,function,get_hot_water_deficit,717,present_ok,1151
C:\Users\kerb930\Documents\Transactive Energy\Community Engagement\doc_strings\tesp\src\tesp_support\tesp_support\api\metrics_api.py,function,get_max_market_price,775,present_ok,786
C:\Users\kerb930\Documents\Transactive Energy\Community Engagement\doc_strings\tesp\src\tesp_support\tesp_support\api\metrics_api.py,function,get_emergency_scarcity_sell,803,present_ok,1205
C:\Users\kerb930\Documents\Transactive Energy\Community Engagement\doc_strings\tesp\src\tesp_support\tesp_support\api\metrics_api.py,function,get_max_comm_packet_size,860,present_ok,709
C:\Users\kerb930\Documents\Transactive Energy\Community Engagement\doc_strings\tesp\src\tesp_support\tesp_support\api\metrics_api.py,function,get_mean_absolute_percentage,884,present_ok,962
C:\Users\kerb930\Documents\Transactive Energy\Community Engagement\doc_strings\tesp\src\tesp_support\tesp_support\api\metrics_api.py,function,get_minimum_market_price,929,present_ok,547
C:\Users\kerb930\Documents\Transactive Energy\Community Engagement\doc_strings\tesp\src\tesp_support\tesp_support\api\metrics_api.py,function,get_substation_peak_power,954,present_ok,697
C:\Users\kerb930\Documents\Transactive Energy\Community Engagement\doc_strings\tesp\src\tesp_support\tesp_support\api\metrics_api.py,function,get_reactive_power_demand,987,present_ok,881
C:\Users\kerb930\Documents\Transactive Energy\Community Engagement\doc_strings\tesp\src\tesp_support\tesp_support\api\metrics_api.py,function,get_system_energy_losses,1025,present_ok,907
C:\Users\kerb930\Documents\Transactive Energy\Community Engagement\doc_strings\tesp\src\tesp_support\tesp_support\api\metrics_api.py,function,get_total_pv_reactive_power,1068,present_ok,730
C:\Users\kerb930\Documents\Transactive Energy\Community Engagement\doc_strings\tesp\src\tesp_support\tesp_support\api\metrics_api.py,function,get_total_pv_real_power,1102,present_ok,725
C:\Users\kerb930\Documents\Transactive Energy\Community Engagement\doc_strings\tesp\src\tesp_support\tesp_support\api\metrics_api.py,function,get_system_energy_loss,1136,present_ok,934
C:\Users\kerb930\Documents\Transactive Energy\Community Engagement\doc_strings\tesp\src\tesp_support\tesp_support\api\metrics_api.py,function,get_total_wind_reactive_power,1181,present_ok,702
C:\Users\kerb930\Documents\Transactive Energy\Community Engagement\doc_strings\tesp\src\tesp_support\tesp_support\api\metrics_api.py,function,get_total_wind_real_power,1215,present_ok,690
C:\Users\kerb930\Documents\Transactive Energy\Community Engagement\doc_strings\tesp\src\tesp_support\tesp_support\api\metrics_api.py,function,get_transmission_over_voltage,1249,present_ok,800
C:\Users\kerb930\Documents\Transactive Energy\Community Engagement\doc_strings\tesp\src\tesp_support\tesp_support\api\metrics_api.py,function,get_transmission_under_voltage,1284,present_ok,797
C:\Users\kerb930\Documents\Transactive Energy\Community Engagement\doc_strings\tesp\src\tesp_support\tesp_support\api\metrics_api.py,function,get_wind_energy_production,1319,present_ok,712
C:\Users\kerb930\Documents\Transactive Energy\Community Engagement\doc_strings\tesp\src\tesp_support\tesp_support\api\metrics_base_api.py,module,metrics_base_api,1,missing,0
C:\Users\kerb930\Documents\Transactive Energy\Community Engagement\doc_strings\tesp\src\tesp_support\tesp_support\api\metrics_base_api.py,function,get_node_ids,10,present_ok,456
C:\Users\kerb930\Documents\Transactive Energy\Community Engagement\doc_strings\tesp\src\tesp_support\tesp_support\api\metrics_base_api.py,function,get_node_data,27,present_ok,536
C:\Users\kerb930\Documents\Transactive Energy\Community Engagement\doc_strings\tesp\src\tesp_support\tesp_support\api\metrics_base_api.py,function,get_time_series_average,45,present_ok,524
C:\Users\kerb930\Documents\Transactive Energy\Community Engagement\doc_strings\tesp\src\tesp_support\tesp_support\api\metrics_base_api.py,function,get_avg_column_value,65,present_ok,388
C:\Users\kerb930\Documents\Transactive Energy\Community Engagement\doc_strings\tesp\src\tesp_support\tesp_support\api\metrics_base_api.py,function,get_max_column_value,80,present_ok,455
C:\Users\kerb930\Documents\Transactive Energy\Community Engagement\doc_strings\tesp\src\tesp_support\tesp_support\api\metrics_base_api.py,function,get_min_column_value,96,present_ok,459
C:\Users\kerb930\Documents\Transactive Energy\Community Engagement\doc_strings\tesp\src\tesp_support\tesp_support\api\metrics_base_api.py,function,get_avg_data_value,112,present_ok,426
C:\Users\kerb930\Documents\Transactive Energy\Community Engagement\doc_strings\tesp\src\tesp_support\tesp_support\api\metrics_base_api.py,function,get_accuracy_ratio,128,present_ok,435
C:\Users\kerb930\Documents\Transactive Energy\Community Engagement\doc_strings\tesp\src\tesp_support\tesp_support\api\metrics_base_api.py,function,adjust_date_time,144,present_ok,541
C:\Users\kerb930\Documents\Transactive Energy\Community Engagement\doc_strings\tesp\src\tesp_support\tesp_support\api\metrics_base_api.py,function,check_for_full_year_data,176,present_ok,297
C:\Users\kerb930\Documents\Transactive Energy\Community Engagement\doc_strings\tesp\src\tesp_support\tesp_support\api\metrics_base_api.py,function,check_for_hourly_data,194,present_ok,259
C:\Users\kerb930\Documents\Transactive Energy\Community Engagement\doc_strings\tesp\src\tesp_support\tesp_support\api\metrics_base_api.py,function,check_for_5_minute_data,211,present_ok,276
C:\Users\kerb930\Documents\Transactive Energy\Community Engagement\doc_strings\tesp\src\tesp_support\tesp_support\api\metrics_base_api.py,function,get_time_series_max_value_under,228,present_ok,512
C:\Users\kerb930\Documents\Transactive Energy\Community Engagement\doc_strings\tesp\src\tesp_support\tesp_support\api\metrics_base_api.py,function,get_time_series_max_value_over,246,present_ok,518
C:\Users\kerb930\Documents\Transactive Energy\Community Engagement\doc_strings\tesp\src\tesp_support\tesp_support\api\metrics_base_api.py,function,get_column_total_value,266,present_ok,354
C:\Users\kerb930\Documents\Transactive Energy\Community Engagement\doc_strings\tesp\src\tesp_support\tesp_support\api\metrics_base_api.py,function,get_time_series_difference_values,281,present_ok,642
C:\Users\kerb930\Documents\Transactive Energy\Community Engagement\doc_strings\tesp\src\tesp_support\tesp_support\api\metrics_base_api.py,function,check_dataframe_synchronization,301,present_ok,581
C:\Users\kerb930\Documents\Transactive Energy\Community Engagement\doc_strings\tesp\src\tesp_support\tesp_support\api\metrics_base_api.py,function,create_testing_dataframe,327,present_ok,648
C:\Users\kerb930\Documents\Transactive Energy\Community Engagement\doc_strings\tesp\src\tesp_support\tesp_support\api\metrics_collector.py,module,metrics_collector,1,present_ok,93
C:\Users\kerb930\Documents\Transactive Energy\Community Engagement\doc_strings\tesp\src\tesp_support\tesp_support\api\metrics_collector.py,class,MetricsTable,17,missing,0
C:\Users\kerb930\Documents\Transactive Energy\Community Engagement\doc_strings\tesp\src\tesp_support\tesp_support\api\metrics_collector.py,class,MetricsStore,89,present_ok,635
C:\Users\kerb930\Documents\Transactive Energy\Community Engagement\doc_strings\tesp\src\tesp_support\tesp_support\api\metrics_collector.py,class,MetricsCollector,164,present_ok,254
C:\Users\kerb930\Documents\Transactive Energy\Community Engagement\doc_strings\tesp\src\tesp_support\tesp_support\api\metrics_collector.py,class,MetricsCollectorHDF,214,missing,0
C:\Users\kerb930\Documents\Transactive Energy\Community Engagement\doc_strings\tesp\src\tesp_support\tesp_support\api\metrics_collector.py,function,deepish_copy,233,present_ok,159
C:\Users\kerb930\Documents\Transactive Energy\Community Engagement\doc_strings\tesp\src\tesp_support\tesp_support\api\metrics_collector.py,function,to_json,250,present_ok,242
C:\Users\kerb930\Documents\Transactive Energy\Community Engagement\doc_strings\tesp\src\tesp_support\tesp_support\api\metrics_collector.py,function,to_hdf,281,present_ok,301
C:\Users\kerb930\Documents\Transactive Energy\Community Engagement\doc_strings\tesp\src\tesp_support\tesp_support\api\metrics_collector.py,function,finalize_hdf,351,present_ok,342
C:\Users\kerb930\Documents\Transactive Energy\Community Engagement\doc_strings\tesp\src\tesp_support\tesp_support\api\metrics_collector.py,function,__init__,18,missing,0
C:\Users\kerb930\Documents\Transactive Energy\Community Engagement\doc_strings\tesp\src\tesp_support\tesp_support\api\metrics_collector.py,function,append_data,26,missing,0
C:\Users\kerb930\Documents\Transactive Energy\Community Engagement\doc_strings\tesp\src\tesp_support\tesp_support\api\metrics_collector.py,function,clear,32,missing,0
C:\Users\kerb930\Documents\Transactive Energy\Community Engagement\doc_strings\tesp\src\tesp_support\tesp_support\api\metrics_collector.py,function,to_frame,36,missing,0
C:\Users\kerb930\Documents\Transactive Energy\Community Engagement\doc_strings\tesp\src\tesp_support\tesp_support\api\metrics_collector.py,function,__init__,105,present_ok,519
C:\Users\kerb930\Documents\Transactive Energy\Community Engagement\doc_strings\tesp\src\tesp_support\tesp_support\api\metrics_collector.py,function,append_data,136,present_ok,388
C:\Users\kerb930\Documents\Transactive Energy\Community Engagement\doc_strings\tesp\src\tesp_support\tesp_support\api\metrics_collector.py,function,clear,157,missing,0
C:\Users\kerb930\Documents\Transactive Energy\Community Engagement\doc_strings\tesp\src\tesp_support\tesp_support\api\metrics_collector.py,function,__init__,175,missing,0
C:\Users\kerb930\Documents\Transactive Energy\Community Engagement\doc_strings\tesp\src\tesp_support\tesp_support\api\metrics_collector.py,function,factory,180,present_ok,349
C:\Users\kerb930\Documents\Transactive Energy\Community Engagement\doc_strings\tesp\src\tesp_support\tesp_support\api\metrics_collector.py,function,register_metrics_store,192,present_ok,107
C:\Users\kerb930\Documents\Transactive Energy\Community Engagement\doc_strings\tesp\src\tesp_support\tesp_support\api\metrics_collector.py,function,write_metrics,201,present_ok,86
C:\Users\kerb930\Documents\Transactive Energy\Community Engagement\doc_strings\tesp\src\tesp_support\tesp_support\api\metrics_collector.py,function,finalize_writing,210,missing,0
C:\Users\kerb930\Documents\Transactive Energy\Community Engagement\doc_strings\tesp\src\tesp_support\tesp_support\api\metrics_collector.py,function,__init__,215,missing,0
C:\Users\kerb930\Documents\Transactive Energy\Community Engagement\doc_strings\tesp\src\tesp_support\tesp_support\api\metrics_collector.py,function,write_metrics,219,present_ok,38
C:\Users\kerb930\Documents\Transactive Energy\Community Engagement\doc_strings\tesp\src\tesp_support\tesp_support\api\metrics_collector.py,function,finalize_writing,228,missing,0
C:\Users\kerb930\Documents\Transactive Energy\Community Engagement\doc_strings\tesp\src\tesp_support\tesp_support\api\model_GLM.py,module,model_GLM,1,present_ok,32
C:\Users\kerb930\Documents\Transactive Energy\Community Engagement\doc_strings\tesp\src\tesp_support\tesp_support\api\model_GLM.py,class,O_Entity,22,missing,0
C:\Users\kerb930\Documents\Transactive Energy\Community Engagement\doc_strings\tesp\src\tesp_support\tesp_support\api\model_GLM.py,class,GLM,42,missing,0
C:\Users\kerb930\Documents\Transactive Energy\Community Engagement\doc_strings\tesp\src\tesp_support\tesp_support\api\model_GLM.py,class,GLMModel,45,present_ok,925
C:\Users\kerb930\Documents\Transactive Energy\Community Engagement\doc_strings\tesp\src\tesp_support\tesp_support\api\model_GLM.py,function,_test1,1238,missing,0
C:\Users\kerb930\Documents\Transactive Energy\Community Engagement\doc_strings\tesp\src\tesp_support\tesp_support\api\model_GLM.py,function,_test2,1261,missing,0
C:\Users\kerb930\Documents\Transactive Energy\Community Engagement\doc_strings\tesp\src\tesp_support\tesp_support\api\model_GLM.py,function,__init__,23,missing,0
C:\Users\kerb930\Documents\Transactive Energy\Community Engagement\doc_strings\tesp\src\tesp_support\tesp_support\api\model_GLM.py,function,add,27,missing,0
C:\Users\kerb930\Documents\Transactive Energy\Community Engagement\doc_strings\tesp\src\tesp_support\tesp_support\api\model_GLM.py,function,delete,30,missing,0
C:\Users\kerb930\Documents\Transactive Energy\Community Engagement\doc_strings\tesp\src\tesp_support\tesp_support\api\model_GLM.py,function,items,33,missing,0
C:\Users\kerb930\Documents\Transactive Energy\Community Engagement\doc_strings\tesp\src\tesp_support\tesp_support\api\model_GLM.py,function,keys,36,missing,0
C:\Users\kerb930\Documents\Transactive Energy\Community Engagement\doc_strings\tesp\src\tesp_support\tesp_support\api\model_GLM.py,function,__getitem__,39,missing,0
C:\Users\kerb930\Documents\Transactive Energy\Community Engagement\doc_strings\tesp\src\tesp_support\tesp_support\api\model_GLM.py,function,__init__,112,missing,0
C:\Users\kerb930\Documents\Transactive Energy\Community Engagement\doc_strings\tesp\src\tesp_support\tesp_support\api\model_GLM.py,function,get_datatype,173,missing,0
C:\Users\kerb930\Documents\Transactive Energy\Community Engagement\doc_strings\tesp\src\tesp_support\tesp_support\api\model_GLM.py,function,_add_attr,199,missing,0
C:\Users\kerb930\Documents\Transactive Energy\Community Engagement\doc_strings\tesp\src\tesp_support\tesp_support\api\model_GLM.py,function,entitiesToJson,235,missing,0
C:\Users\kerb930\Documents\Transactive Energy\Community Engagement\doc_strings\tesp\src\tesp_support\tesp_support\api\model_GLM.py,function,entitiesToHelp,243,missing,0
C:\Users\kerb930\Documents\Transactive Energy\Community Engagement\doc_strings\tesp\src\tesp_support\tesp_support\api\model_GLM.py,function,entitiesToSQLite,251,missing,0
C:\Users\kerb930\Documents\Transactive Energy\Community Engagement\doc_strings\tesp\src\tesp_support\tesp_support\api\model_GLM.py,function,get_InsideComments,268,present_ok,129
C:\Users\kerb930\Documents\Transactive Energy\Community Engagement\doc_strings\tesp\src\tesp_support\tesp_support\api\model_GLM.py,function,get_InlineComment,286,present_ok,137
C:\Users\kerb930\Documents\Transactive Energy\Community Engagement\doc_strings\tesp\src\tesp_support\tesp_support\api\model_GLM.py,function,get_diction,305,missing,0
C:\Users\kerb930\Documents\Transactive Energy\Community Engagement\doc_strings\tesp\src\tesp_support\tesp_support\api\model_GLM.py,function,instanceToModule,312,present_ok,211
C:\Users\kerb930\Documents\Transactive Energy\Community Engagement\doc_strings\tesp\src\tesp_support\tesp_support\api\model_GLM.py,function,instanceToObject,350,present_ok,211
C:\Users\kerb930\Documents\Transactive Energy\Community Engagement\doc_strings\tesp\src\tesp_support\tesp_support\api\model_GLM.py,function,instancesToGLM,377,missing,0
C:\Users\kerb930\Documents\Transactive Energy\Community Engagement\doc_strings\tesp\src\tesp_support\tesp_support\api\model_GLM.py,function,glm_merge,444,missing,0
C:\Users\kerb930\Documents\Transactive Energy\Community Engagement\doc_strings\tesp\src\tesp_support\tesp_support\api\model_GLM.py,function,instancesToSQLite,471,missing,0
C:\Users\kerb930\Documents\Transactive Energy\Community Engagement\doc_strings\tesp\src\tesp_support\tesp_support\api\model_GLM.py,function,set_module_instance,487,missing,0
C:\Users\kerb930\Documents\Transactive Energy\Community Engagement\doc_strings\tesp\src\tesp_support\tesp_support\api\model_GLM.py,function,get_module_instance,504,missing,0
C:\Users\kerb930\Documents\Transactive Energy\Community Engagement\doc_strings\tesp\src\tesp_support\tesp_support\api\model_GLM.py,function,set_object_instance,515,missing,0
C:\Users\kerb930\Documents\Transactive Energy\Community Engagement\doc_strings\tesp\src\tesp_support\tesp_support\api\model_GLM.py,function,get_object_instance,545,missing,0
C:\Users\kerb930\Documents\Transactive Energy\Community Engagement\doc_strings\tesp\src\tesp_support\tesp_support\api\model_GLM.py,function,is_edge_class,556,present_ok,299
C:\Users\kerb930\Documents\Transactive Energy\Community Engagement\doc_strings\tesp\src\tesp_support\tesp_support\api\model_GLM.py,function,is_node_class,574,present_ok,365
C:\Users\kerb930\Documents\Transactive Energy\Community Engagement\doc_strings\tesp\src\tesp_support\tesp_support\api\model_GLM.py,function,add_class,588,missing,0
C:\Users\kerb930\Documents\Transactive Energy\Community Engagement\doc_strings\tesp\src\tesp_support\tesp_support\api\model_GLM.py,function,add_object,609,missing,0
C:\Users\kerb930\Documents\Transactive Energy\Community Engagement\doc_strings\tesp\src\tesp_support\tesp_support\api\model_GLM.py,function,del_object,618,missing,0
C:\Users\kerb930\Documents\Transactive Energy\Community Engagement\doc_strings\tesp\src\tesp_support\tesp_support\api\model_GLM.py,function,glm_schedule,625,missing,0
C:\Users\kerb930\Documents\Transactive Energy\Community Engagement\doc_strings\tesp\src\tesp_support\tesp_support\api\model_GLM.py,function,glm_module,650,present_ok,290
C:\Users\kerb930\Documents\Transactive Energy\Community Engagement\doc_strings\tesp\src\tesp_support\tesp_support\api\model_GLM.py,function,glm_object,725,present_ok,432
C:\Users\kerb930\Documents\Transactive Energy\Community Engagement\doc_strings\tesp\src\tesp_support\tesp_support\api\model_GLM.py,function,readModel,841,present_ok,219
C:\Users\kerb930\Documents\Transactive Energy\Community Engagement\doc_strings\tesp\src\tesp_support\tesp_support\api\model_GLM.py,function,readBackboneModel,914,missing,0
C:\Users\kerb930\Documents\Transactive Energy\Community Engagement\doc_strings\tesp\src\tesp_support\tesp_support\api\model_GLM.py,function,read,924,missing,0
C:\Users\kerb930\Documents\Transactive Energy\Community Engagement\doc_strings\tesp\src\tesp_support\tesp_support\api\model_GLM.py,function,write,934,missing,0
C:\Users\kerb930\Documents\Transactive Energy\Community Engagement\doc_strings\tesp\src\tesp_support\tesp_support\api\model_GLM.py,function,draw_network,945,missing,0
C:\Users\kerb930\Documents\Transactive Energy\Community Engagement\doc_strings\tesp\src\tesp_support\tesp_support\api\model_GLM.py,function,plot_model,986,missing,0
C:\Users\kerb930\Documents\Transactive Energy\Community Engagement\doc_strings\tesp\src\tesp_support\tesp_support\api\model_GLM.py,function,set_clock,1087,missing,0
C:\Users\kerb930\Documents\Transactive Energy\Community Engagement\doc_strings\tesp\src\tesp_support\tesp_support\api\model_GLM.py,function,add_include,1095,missing,0
C:\Users\kerb930\Documents\Transactive Energy\Community Engagement\doc_strings\tesp\src\tesp_support\tesp_support\api\model_GLM.py,function,del_include,1098,missing,0
C:\Users\kerb930\Documents\Transactive Energy\Community Engagement\doc_strings\tesp\src\tesp_support\tesp_support\api\model_GLM.py,function,add_set,1101,missing,0
C:\Users\kerb930\Documents\Transactive Energy\Community Engagement\doc_strings\tesp\src\tesp_support\tesp_support\api\model_GLM.py,function,del_set,1104,missing,0
C:\Users\kerb930\Documents\Transactive Energy\Community Engagement\doc_strings\tesp\src\tesp_support\tesp_support\api\model_GLM.py,function,add_define,1110,missing,0
C:\Users\kerb930\Documents\Transactive Energy\Community Engagement\doc_strings\tesp\src\tesp_support\tesp_support\api\model_GLM.py,function,del_define,1113,missing,0
C:\Users\kerb930\Documents\Transactive Energy\Community Engagement\doc_strings\tesp\src\tesp_support\tesp_support\api\model_GLM.py,function,union_of_phases,1120,present_ok,268
C:\Users\kerb930\Documents\Transactive Energy\Community Engagement\doc_strings\tesp\src\tesp_support\tesp_support\api\model_GLM.py,function,accumulate_load_kva,1139,present_ok,309
C:\Users\kerb930\Documents\Transactive Energy\Community Engagement\doc_strings\tesp\src\tesp_support\tesp_support\api\model_GLM.py,function,identify_seg_loads,1159,present_ok,1048
C:\Users\kerb930\Documents\Transactive Energy\Community Engagement\doc_strings\tesp\src\tesp_support\tesp_support\api\model_GLM.py,function,update_annot,988,missing,0
C:\Users\kerb930\Documents\Transactive Energy\Community Engagement\doc_strings\tesp\src\tesp_support\tesp_support\api\model_GLM.py,function,hover,1000,missing,0
C:\Users\kerb930\Documents\Transactive Energy\Community Engagement\doc_strings\tesp\src\tesp_support\tesp_support\api\model_GLM.py,function,plot_node_legend,1013,missing,0
C:\Users\kerb930\Documents\Transactive Energy\Community Engagement\doc_strings\tesp\src\tesp_support\tesp_support\api\model_GLM.py,function,plot_edge_legend,1023,missing,0
C:\Users\kerb930\Documents\Transactive Energy\Community Engagement\doc_strings\tesp\src\tesp_support\tesp_support\api\model_GLM.py,function,make_node_proxy,1014,missing,0
C:\Users\kerb930\Documents\Transactive Energy\Community Engagement\doc_strings\tesp\src\tesp_support\tesp_support\api\model_GLM.py,function,make_edge_proxy,1024,missing,0
C:\Users\kerb930\Documents\Transactive Energy\Community Engagement\doc_strings\tesp\src\tesp_support\tesp_support\api\modify_GLM.py,module,modify_GLM,1,missing,0
C:\Users\kerb930\Documents\Transactive Energy\Community Engagement\doc_strings\tesp\src\tesp_support\tesp_support\api\modify_GLM.py,class,Defaults,14,missing,0
C:\Users\kerb930\Documents\Transactive Energy\Community Engagement\doc_strings\tesp\src\tesp_support\tesp_support\api\modify_GLM.py,class,GLMModifier,18,present_ok,679
C:\Users\kerb930\Documents\Transactive Energy\Community Engagement\doc_strings\tesp\src\tesp_support\tesp_support\api\modify_GLM.py,function,_test1,908,missing,0
C:\Users\kerb930\Documents\Transactive Energy\Community Engagement\doc_strings\tesp\src\tesp_support\tesp_support\api\modify_GLM.py,function,_test2,929,missing,0
C:\Users\kerb930\Documents\Transactive Energy\Community Engagement\doc_strings\tesp\src\tesp_support\tesp_support\api\modify_GLM.py,function,__init__,36,present_ok,158
C:\Users\kerb930\Documents\Transactive Energy\Community Engagement\doc_strings\tesp\src\tesp_support\tesp_support\api\modify_GLM.py,function,add_module,47,present_ok,359
C:\Users\kerb930\Documents\Transactive Energy\Community Engagement\doc_strings\tesp\src\tesp_support\tesp_support\api\modify_GLM.py,function,del_module,60,present_ok,144
C:\Users\kerb930\Documents\Transactive Energy\Community Engagement\doc_strings\tesp\src\tesp_support\tesp_support\api\modify_GLM.py,function,add_module_attr,80,present_ok,370
C:\Users\kerb930\Documents\Transactive Energy\Community Engagement\doc_strings\tesp\src\tesp_support\tesp_support\api\modify_GLM.py,function,del_module_attr,94,present_ok,260
C:\Users\kerb930\Documents\Transactive Energy\Community Engagement\doc_strings\tesp\src\tesp_support\tesp_support\api\modify_GLM.py,function,add_object,104,present_ok,512
C:\Users\kerb930\Documents\Transactive Energy\Community Engagement\doc_strings\tesp\src\tesp_support\tesp_support\api\modify_GLM.py,function,rename_object,120,present_ok,472
C:\Users\kerb930\Documents\Transactive Energy\Community Engagement\doc_strings\tesp\src\tesp_support\tesp_support\api\modify_GLM.py,function,del_object,150,present_ok,302
C:\Users\kerb930\Documents\Transactive Energy\Community Engagement\doc_strings\tesp\src\tesp_support\tesp_support\api\modify_GLM.py,function,replace_object_type,173,present_short,13
C:\Users\kerb930\Documents\Transactive Energy\Community Engagement\doc_strings\tesp\src\tesp_support\tesp_support\api\modify_GLM.py,function,add_object_attr,179,present_ok,547
C:\Users\kerb930\Documents\Transactive Energy\Community Engagement\doc_strings\tesp\src\tesp_support\tesp_support\api\modify_GLM.py,function,del_object_attr,196,present_ok,471
C:\Users\kerb930\Documents\Transactive Energy\Community Engagement\doc_strings\tesp\src\tesp_support\tesp_support\api\modify_GLM.py,function,read_model,210,present_ok,273
C:\Users\kerb930\Documents\Transactive Energy\Community Engagement\doc_strings\tesp\src\tesp_support\tesp_support\api\modify_GLM.py,function,write_model,221,present_ok,268
C:\Users\kerb930\Documents\Transactive Energy\Community Engagement\doc_strings\tesp\src\tesp_support\tesp_support\api\modify_GLM.py,function,find_1phase_xfmr_w_margin,234,present_ok,538
C:\Users\kerb930\Documents\Transactive Energy\Community Engagement\doc_strings\tesp\src\tesp_support\tesp_support\api\modify_GLM.py,function,find_1phase_xfmr,258,present_ok,509
C:\Users\kerb930\Documents\Transactive Energy\Community Engagement\doc_strings\tesp\src\tesp_support\tesp_support\api\modify_GLM.py,function,find_3phase_xfmr_w_margin,280,present_ok,576
C:\Users\kerb930\Documents\Transactive Energy\Community Engagement\doc_strings\tesp\src\tesp_support\tesp_support\api\modify_GLM.py,function,find_3phase_xfmr,304,present_ok,466
C:\Users\kerb930\Documents\Transactive Energy\Community Engagement\doc_strings\tesp\src\tesp_support\tesp_support\api\modify_GLM.py,function,find_fuse_limit_w_margin,326,present_ok,939
C:\Users\kerb930\Documents\Transactive Energy\Community Engagement\doc_strings\tesp\src\tesp_support\tesp_support\api\modify_GLM.py,function,randomize_residential_skew,362,present_ok,461
C:\Users\kerb930\Documents\Transactive Energy\Community Engagement\doc_strings\tesp\src\tesp_support\tesp_support\api\modify_GLM.py,function,randomize_commercial_skew,379,present_ok,457
C:\Users\kerb930\Documents\Transactive Energy\Community Engagement\doc_strings\tesp\src\tesp_support\tesp_support\api\modify_GLM.py,function,randomize_skew,397,present_ok,326
C:\Users\kerb930\Documents\Transactive Energy\Community Engagement\doc_strings\tesp\src\tesp_support\tesp_support\api\modify_GLM.py,function,add_tariff,416,present_ok,643
C:\Users\kerb930\Documents\Transactive Energy\Community Engagement\doc_strings\tesp\src\tesp_support\tesp_support\api\modify_GLM.py,function,add_voltage_dump,458,present_ok,225
C:\Users\kerb930\Documents\Transactive Energy\Community Engagement\doc_strings\tesp\src\tesp_support\tesp_support\api\modify_GLM.py,function,add_metrics_collector,475,present_ok,425
C:\Users\kerb930\Documents\Transactive Energy\Community Engagement\doc_strings\tesp\src\tesp_support\tesp_support\api\modify_GLM.py,function,add_recorder,493,present_ok,324
C:\Users\kerb930\Documents\Transactive Energy\Community Engagement\doc_strings\tesp\src\tesp_support\tesp_support\api\modify_GLM.py,function,add_group_recorder,511,present_ok,483
C:\Users\kerb930\Documents\Transactive Energy\Community Engagement\doc_strings\tesp\src\tesp_support\tesp_support\api\modify_GLM.py,function,add_collector,531,present_ok,532
C:\Users\kerb930\Documents\Transactive Energy\Community Engagement\doc_strings\tesp\src\tesp_support\tesp_support\api\modify_GLM.py,function,add_config_class,552,present_ok,291
C:\Users\kerb930\Documents\Transactive Energy\Community Engagement\doc_strings\tesp\src\tesp_support\tesp_support\api\modify_GLM.py,function,add_link_class,576,present_ok,384
C:\Users\kerb930\Documents\Transactive Energy\Community Engagement\doc_strings\tesp\src\tesp_support\tesp_support\api\modify_GLM.py,function,add_voltage_class,611,present_ok,1166
C:\Users\kerb930\Documents\Transactive Energy\Community Engagement\doc_strings\tesp\src\tesp_support\tesp_support\api\modify_GLM.py,function,add_xfmr_config,740,present_ok,793
C:\Users\kerb930\Documents\Transactive Energy\Community Engagement\doc_strings\tesp\src\tesp_support\tesp_support\api\modify_GLM.py,function,add_local_triplex_configurations,805,present_ok,108
C:\Users\kerb930\Documents\Transactive Energy\Community Engagement\doc_strings\tesp\src\tesp_support\tesp_support\api\modify_GLM.py,function,add_substation,833,present_ok,307
C:\Users\kerb930\Documents\Transactive Energy\Community Engagement\doc_strings\tesp\src\tesp_support\tesp_support\api\modify_GLM.py,function,resize,887,present_short,13
C:\Users\kerb930\Documents\Transactive Energy\Community Engagement\doc_strings\tesp\src\tesp_support\tesp_support\api\modify_GLM.py,function,resize_secondary_transformers,892,present_short,13
C:\Users\kerb930\Documents\Transactive Energy\Community Engagement\doc_strings\tesp\src\tesp_support\tesp_support\api\modify_GLM.py,function,resize_substation_transformer,897,present_short,13
C:\Users\kerb930\Documents\Transactive Energy\Community Engagement\doc_strings\tesp\src\tesp_support\tesp_support\api\modify_GLM.py,function,set_simulation_times,902,present_short,13
C:\Users\kerb930\Documents\Transactive Energy\Community Engagement\doc_strings\tesp\src\tesp_support\tesp_support\api\parse_helpers.py,module,parse_helpers,1,missing,0
C:\Users\kerb930\Documents\Transactive Energy\Community Engagement\doc_strings\tesp\src\tesp_support\tesp_support\api\parse_helpers.py,function,parse_number,9,present_ok,322
C:\Users\kerb930\Documents\Transactive Energy\Community Engagement\doc_strings\tesp\src\tesp_support\tesp_support\api\parse_helpers.py,function,parse_magnitude_1,30,present_ok,178
C:\Users\kerb930\Documents\Transactive Energy\Community Engagement\doc_strings\tesp\src\tesp_support\tesp_support\api\parse_helpers.py,function,parse_magnitude_2,51,present_ok,196
C:\Users\kerb930\Documents\Transactive Energy\Community Engagement\doc_strings\tesp\src\tesp_support\tesp_support\api\parse_helpers.py,function,parse_helic_input,70,present_ok,208
C:\Users\kerb930\Documents\Transactive Energy\Community Engagement\doc_strings\tesp\src\tesp_support\tesp_support\api\parse_helpers.py,function,parse_magnitude,91,present_ok,178
C:\Users\kerb930\Documents\Transactive Energy\Community Engagement\doc_strings\tesp\src\tesp_support\tesp_support\api\parse_helpers.py,function,parse_mva,133,present_ok,280
C:\Users\kerb930\Documents\Transactive Energy\Community Engagement\doc_strings\tesp\src\tesp_support\tesp_support\api\parse_helpers.py,function,parse_kva,183,present_ok,187
C:\Users\kerb930\Documents\Transactive Energy\Community Engagement\doc_strings\tesp\src\tesp_support\tesp_support\api\parse_helpers.py,function,parse_kva_old,197,present_ok,306
C:\Users\kerb930\Documents\Transactive Energy\Community Engagement\doc_strings\tesp\src\tesp_support\tesp_support\api\parse_helpers.py,function,parse_kw,251,present_ok,307
C:\Users\kerb930\Documents\Transactive Energy\Community Engagement\doc_strings\tesp\src\tesp_support\tesp_support\api\parse_helpers.py,function,complex_kva,312,missing,0
C:\Users\kerb930\Documents\Transactive Energy\Community Engagement\doc_strings\tesp\src\tesp_support\tesp_support\api\parse_helpers.py,function,test,317,missing,0
C:\Users\kerb930\Documents\Transactive Energy\Community Engagement\doc_strings\tesp\src\tesp_support\tesp_support\api\player.py,module,player,1,missing,0
C:\Users\kerb930\Documents\Transactive Energy\Community Engagement\doc_strings\tesp\src\tesp_support\tesp_support\api\player.py,function,make_player,12,present_ok,721
C:\Users\kerb930\Documents\Transactive Energy\Community Engagement\doc_strings\tesp\src\tesp_support\tesp_support\api\player.py,function,load_player_loop,31,missing,0
C:\Users\kerb930\Documents\Transactive Energy\Community Engagement\doc_strings\tesp\src\tesp_support\tesp_support\api\process_eplus.py,module,process_eplus,1,present_ok,142
C:\Users\kerb930\Documents\Transactive Energy\Community Engagement\doc_strings\tesp\src\tesp_support\tesp_support\api\process_eplus.py,function,read_eplus_metrics,22,missing,0
C:\Users\kerb930\Documents\Transactive Energy\Community Engagement\doc_strings\tesp\src\tesp_support\tesp_support\api\process_eplus.py,function,plot_eplus,214,missing,0
C:\Users\kerb930\Documents\Transactive Energy\Community Engagement\doc_strings\tesp\src\tesp_support\tesp_support\api\process_eplus.py,function,process_eplus,315,present_ok,906
C:\Users\kerb930\Documents\Transactive Energy\Community Engagement\doc_strings\tesp\src\tesp_support\tesp_support\api\process_gld.py,module,process_gld,1,present_ok,125
C:\Users\kerb930\Documents\Transactive Energy\Community Engagement\doc_strings\tesp\src\tesp_support\tesp_support\api\process_gld.py,function,read_gld_metrics,21,missing,0
C:\Users\kerb930\Documents\Transactive Energy\Community Engagement\doc_strings\tesp\src\tesp_support\tesp_support\api\process_gld.py,function,plot_gld,399,present_ok,287
C:\Users\kerb930\Documents\Transactive Energy\Community Engagement\doc_strings\tesp\src\tesp_support\tesp_support\api\process_gld.py,function,process_gld,599,present_ok,1199
C:\Users\kerb930\Documents\Transactive Energy\Community Engagement\doc_strings\tesp\src\tesp_support\tesp_support\api\process_houses.py,module,process_houses,1,present_ok,133
C:\Users\kerb930\Documents\Transactive Energy\Community Engagement\doc_strings\tesp\src\tesp_support\tesp_support\api\process_houses.py,function,read_houses_metrics,21,missing,0
C:\Users\kerb930\Documents\Transactive Energy\Community Engagement\doc_strings\tesp\src\tesp_support\tesp_support\api\process_houses.py,function,plot_houses,109,missing,0
C:\Users\kerb930\Documents\Transactive Energy\Community Engagement\doc_strings\tesp\src\tesp_support\tesp_support\api\process_houses.py,function,process_houses,133,present_ok,929
C:\Users\kerb930\Documents\Transactive Energy\Community Engagement\doc_strings\tesp\src\tesp_support\tesp_support\api\process_inv.py,module,process_inv,1,present_ok,172
C:\Users\kerb930\Documents\Transactive Energy\Community Engagement\doc_strings\tesp\src\tesp_support\tesp_support\api\process_inv.py,function,read_inv_metrics,21,missing,0
C:\Users\kerb930\Documents\Transactive Energy\Community Engagement\doc_strings\tesp\src\tesp_support\tesp_support\api\process_inv.py,function,plot_inv,603,missing,0
C:\Users\kerb930\Documents\Transactive Energy\Community Engagement\doc_strings\tesp\src\tesp_support\tesp_support\api\process_inv.py,function,process_inv,613,present_ok,1955
C:\Users\kerb930\Documents\Transactive Energy\Community Engagement\doc_strings\tesp\src\tesp_support\tesp_support\api\process_pypower.py,module,process_pypower,1,present_ok,149
C:\Users\kerb930\Documents\Transactive Energy\Community Engagement\doc_strings\tesp\src\tesp_support\tesp_support\api\process_pypower.py,function,read_pypower_metrics,21,missing,0
C:\Users\kerb930\Documents\Transactive Energy\Community Engagement\doc_strings\tesp\src\tesp_support\tesp_support\api\process_pypower.py,function,plot_pypower,160,missing,0
C:\Users\kerb930\Documents\Transactive Energy\Community Engagement\doc_strings\tesp\src\tesp_support\tesp_support\api\process_pypower.py,function,process_pypower,217,present_ok,1170
C:\Users\kerb930\Documents\Transactive Energy\Community Engagement\doc_strings\tesp\src\tesp_support\tesp_support\api\process_voltages.py,module,process_voltages,1,present_ok,151
C:\Users\kerb930\Documents\Transactive Energy\Community Engagement\doc_strings\tesp\src\tesp_support\tesp_support\api\process_voltages.py,function,read_voltages_metrics,21,missing,0
C:\Users\kerb930\Documents\Transactive Energy\Community Engagement\doc_strings\tesp\src\tesp_support\tesp_support\api\process_voltages.py,function,plot_voltages,110,missing,0
C:\Users\kerb930\Documents\Transactive Energy\Community Engagement\doc_strings\tesp\src\tesp_support\tesp_support\api\process_voltages.py,function,process_voltages,133,present_ok,1000
C:\Users\kerb930\Documents\Transactive Energy\Community Engagement\doc_strings\tesp\src\tesp_support\tesp_support\api\recs_api.py,module,recs_api,1,missing,0
C:\Users\kerb930\Documents\Transactive Energy\Community Engagement\doc_strings\tesp\src\tesp_support\tesp_support\api\recs_api.py,function,get_recs_data,11,present_ok,556
C:\Users\kerb930\Documents\Transactive Energy\Community Engagement\doc_strings\tesp\src\tesp_support\tesp_support\api\recs_api.py,class,recs_data_set,34,present_ok,68
C:\Users\kerb930\Documents\Transactive Energy\Community Engagement\doc_strings\tesp\src\tesp_support\tesp_support\api\recs_api.py,function,__init__,37,present_ok,328
C:\Users\kerb930\Documents\Transactive Energy\Community Engagement\doc_strings\tesp\src\tesp_support\tesp_support\api\recs_api.py,function,get_year_made_ranges,48,present_ok,173
C:\Users\kerb930\Documents\Transactive Energy\Community Engagement\doc_strings\tesp\src\tesp_support\tesp_support\api\recs_api.py,function,calc_building_weight,61,present_ok,927
C:\Users\kerb930\Documents\Transactive Energy\Community Engagement\doc_strings\tesp\src\tesp_support\tesp_support\api\recs_api.py,function,is_base_param_valid,86,missing,0
C:\Users\kerb930\Documents\Transactive Energy\Community Engagement\doc_strings\tesp\src\tesp_support\tesp_support\api\recs_api.py,function,is_base_param_list_valid,104,missing,0
C:\Users\kerb930\Documents\Transactive Energy\Community Engagement\doc_strings\tesp\src\tesp_support\tesp_support\api\recs_api.py,function,check_base_param,128,missing,0
C:\Users\kerb930\Documents\Transactive Energy\Community Engagement\doc_strings\tesp\src\tesp_support\tesp_support\api\recs_api.py,function,calc_parameter_distribution,148,missing,0
C:\Users\kerb930\Documents\Transactive Energy\Community Engagement\doc_strings\tesp\src\tesp_support\tesp_support\api\recs_api.py,function,calculate_key_parameter_percentages,154,missing,0
C:\Users\kerb930\Documents\Transactive Energy\Community Engagement\doc_strings\tesp\src\tesp_support\tesp_support\api\recs_api.py,function,get_all_params_list,165,missing,0
C:\Users\kerb930\Documents\Transactive Energy\Community Engagement\doc_strings\tesp\src\tesp_support\tesp_support\api\recs_api.py,function,build_key_parameter_distributions,185,missing,0
C:\Users\kerb930\Documents\Transactive Energy\Community Engagement\doc_strings\tesp\src\tesp_support\tesp_support\api\recs_api.py,function,sample_type_vintage,217,missing,0
C:\Users\kerb930\Documents\Transactive Energy\Community Engagement\doc_strings\tesp\src\tesp_support\tesp_support\api\recs_api.py,function,get_house_type_vintage,234,missing,0
C:\Users\kerb930\Documents\Transactive Energy\Community Engagement\doc_strings\tesp\src\tesp_support\tesp_support\api\recs_api.py,function,get_parameter_search_string,258,missing,0
C:\Users\kerb930\Documents\Transactive Energy\Community Engagement\doc_strings\tesp\src\tesp_support\tesp_support\api\recs_api.py,function,sample_parameter_distribution,274,missing,0
C:\Users\kerb930\Documents\Transactive Energy\Community Engagement\doc_strings\tesp\src\tesp_support\tesp_support\api\recs_api.py,function,get_parameter_sample,290,missing,0
C:\Users\kerb930\Documents\Transactive Energy\Community Engagement\doc_strings\tesp\src\tesp_support\tesp_support\api\recs_api.py,function,calc_total_building_weight,305,present_ok,671
C:\Users\kerb930\Documents\Transactive Energy\Community Engagement\doc_strings\tesp\src\tesp_support\tesp_support\api\recs_api.py,function,calc_solar_percentage,325,missing,0
C:\Users\kerb930\Documents\Transactive Energy\Community Engagement\doc_strings\tesp\src\tesp_support\tesp_support\api\recs_api.py,function,calc_building_age,333,present_ok,1186
C:\Users\kerb930\Documents\Transactive Energy\Community Engagement\doc_strings\tesp\src\tesp_support\tesp_support\api\recs_api.py,function,calc_building_count,364,present_ok,1596
C:\Users\kerb930\Documents\Transactive Energy\Community Engagement\doc_strings\tesp\src\tesp_support\tesp_support\api\recs_api.py,function,get_state_names,400,present_ok,153
C:\Users\kerb930\Documents\Transactive Energy\Community Engagement\doc_strings\tesp\src\tesp_support\tesp_support\api\recs_api.py,function,get_income_levels,413,present_ok,163
C:\Users\kerb930\Documents\Transactive Energy\Community Engagement\doc_strings\tesp\src\tesp_support\tesp_support\api\recs_api.py,function,get_density_levels,425,present_ok,196
C:\Users\kerb930\Documents\Transactive Energy\Community Engagement\doc_strings\tesp\src\tesp_support\tesp_support\api\recs_api.py,function,get_building_types,439,present_ok,194
C:\Users\kerb930\Documents\Transactive Energy\Community Engagement\doc_strings\tesp\src\tesp_support\tesp_support\api\recs_api.py,function,run_test,451,missing,0
C:\Users\kerb930\Documents\Transactive Energy\Community Engagement\doc_strings\tesp\src\tesp_support\tesp_support\api\recs_gld_house_parameters.py,module,recs_gld_house_parameters,1,missing,0
C:\Users\kerb930\Documents\Transactive Energy\Community Engagement\doc_strings\tesp\src\tesp_support\tesp_support\api\recs_gld_house_parameters.py,function,bin_size_check,12,present_ok,840
C:\Users\kerb930\Documents\Transactive Energy\Community Engagement\doc_strings\tesp\src\tesp_support\tesp_support\api\recs_gld_house_parameters.py,function,get_residential_metadata,210,present_ok,744
C:\Users\kerb930\Documents\Transactive Energy\Community Engagement\doc_strings\tesp\src\tesp_support\tesp_support\api\recs_gld_house_parameters.py,function,get_RECS_jsons,521,present_ok,1420
C:\Users\kerb930\Documents\Transactive Energy\Community Engagement\doc_strings\tesp\src\tesp_support\tesp_support\api\recs_gld_house_parameters.py,function,get_hvac_setpoints,657,present_ok,534
C:\Users\kerb930\Documents\Transactive Energy\Community Engagement\doc_strings\tesp\src\tesp_support\tesp_support\api\recs_gld_house_parameters.py,function,_test,771,missing,0
C:\Users\kerb930\Documents\Transactive Energy\Community Engagement\doc_strings\tesp\src\tesp_support\tesp_support\api\schedule_client.py,module,schedule_client,1,present_ok,394
C:\Users\kerb930\Documents\Transactive Energy\Community Engagement\doc_strings\tesp\src\tesp_support\tesp_support\api\schedule_client.py,class,DataClient,19,missing,0
C:\Users\kerb930\Documents\Transactive Energy\Community Engagement\doc_strings\tesp\src\tesp_support\tesp_support\api\schedule_client.py,function,__init__,20,missing,0
C:\Users\kerb930\Documents\Transactive Energy\Community Engagement\doc_strings\tesp\src\tesp_support\tesp_support\api\schedule_client.py,class,myManager,23,missing,0
C:\Users\kerb930\Documents\Transactive Energy\Community Engagement\doc_strings\tesp\src\tesp_support\tesp_support\api\schedule_server.py,module,schedule_server,1,present_ok,601
C:\Users\kerb930\Documents\Transactive Energy\Community Engagement\doc_strings\tesp\src\tesp_support\tesp_support\api\schedule_server.py,class,DataProxy,57,missing,0
C:\Users\kerb930\Documents\Transactive Energy\Community Engagement\doc_strings\tesp\src\tesp_support\tesp_support\api\schedule_server.py,function,schedule_server,138,missing,0
C:\Users\kerb930\Documents\Transactive Energy\Community Engagement\doc_strings\tesp\src\tesp_support\tesp_support\api\schedule_server.py,function,main,190,missing,0
C:\Users\kerb930\Documents\Transactive Energy\Community Engagement\doc_strings\tesp\src\tesp_support\tesp_support\api\schedule_server.py,function,__init__,58,missing,0
C:\Users\kerb930\Documents\Transactive Energy\Community Engagement\doc_strings\tesp\src\tesp_support\tesp_support\api\schedule_server.py,function,forecasting_pv_schedules,62,present_ok,294
C:\Users\kerb930\Documents\Transactive Energy\Community Engagement\doc_strings\tesp\src\tesp_support\tesp_support\api\schedule_server.py,function,forecasting_schedules,85,present_ok,295
C:\Users\kerb930\Documents\Transactive Energy\Community Engagement\doc_strings\tesp\src\tesp_support\tesp_support\api\schedule_server.py,function,read_tou_schedules,118,present_ok,240
C:\Users\kerb930\Documents\Transactive Energy\Community Engagement\doc_strings\tesp\src\tesp_support\tesp_support\api\schedule_server.py,class,myManager,182,missing,0
C:\Users\kerb930\Documents\Transactive Energy\Community Engagement\doc_strings\tesp\src\tesp_support\tesp_support\api\store.py,module,store,1,present_ok,74
C:\Users\kerb930\Documents\Transactive Energy\Community Engagement\doc_strings\tesp\src\tesp_support\tesp_support\api\store.py,class,Directory,60,missing,0
C:\Users\kerb930\Documents\Transactive Energy\Community Engagement\doc_strings\tesp\src\tesp_support\tesp_support\api\store.py,class,Schema,146,missing,0
C:\Users\kerb930\Documents\Transactive Energy\Community Engagement\doc_strings\tesp\src\tesp_support\tesp_support\api\store.py,function,unzip,326,present_ok,167
C:\Users\kerb930\Documents\Transactive Energy\Community Engagement\doc_strings\tesp\src\tesp_support\tesp_support\api\store.py,class,Store,355,missing,0
C:\Users\kerb930\Documents\Transactive Energy\Community Engagement\doc_strings\tesp\src\tesp_support\tesp_support\api\store.py,function,_test_debug_resample,485,missing,0
C:\Users\kerb930\Documents\Transactive Energy\Community Engagement\doc_strings\tesp\src\tesp_support\tesp_support\api\store.py,function,_test_csv,511,missing,0
C:\Users\kerb930\Documents\Transactive Energy\Community Engagement\doc_strings\tesp\src\tesp_support\tesp_support\api\store.py,function,_test_sqlite,523,missing,0
C:\Users\kerb930\Documents\Transactive Energy\Community Engagement\doc_strings\tesp\src\tesp_support\tesp_support\api\store.py,function,test_hdf5,535,missing,0
C:\Users\kerb930\Documents\Transactive Energy\Community Engagement\doc_strings\tesp\src\tesp_support\tesp_support\api\store.py,function,_test_read,556,missing,0
C:\Users\kerb930\Documents\Transactive Energy\Community Engagement\doc_strings\tesp\src\tesp_support\tesp_support\api\store.py,function,_test_dir,582,missing,0
C:\Users\kerb930\Documents\Transactive Energy\Community Engagement\doc_strings\tesp\src\tesp_support\tesp_support\api\store.py,function,_test_change_gencost,597,missing,0
C:\Users\kerb930\Documents\Transactive Energy\Community Engagement\doc_strings\tesp\src\tesp_support\tesp_support\api\store.py,function,__init__,62,present_ok,48
C:\Users\kerb930\Documents\Transactive Energy\Community Engagement\doc_strings\tesp\src\tesp_support\tesp_support\api\store.py,function,set_includeDir,87,missing,0
C:\Users\kerb930\Documents\Transactive Energy\Community Engagement\doc_strings\tesp\src\tesp_support\tesp_support\api\store.py,function,set_includeFile,94,missing,0
C:\Users\kerb930\Documents\Transactive Energy\Community Engagement\doc_strings\tesp\src\tesp_support\tesp_support\api\store.py,function,get_includeDirs,100,missing,0
C:\Users\kerb930\Documents\Transactive Energy\Community Engagement\doc_strings\tesp\src\tesp_support\tesp_support\api\store.py,function,get_includeFiles,106,missing,0
C:\Users\kerb930\Documents\Transactive Energy\Community Engagement\doc_strings\tesp\src\tesp_support\tesp_support\api\store.py,function,zip,111,missing,0
C:\Users\kerb930\Documents\Transactive Energy\Community Engagement\doc_strings\tesp\src\tesp_support\tesp_support\api\store.py,function,toJSON,132,missing,0
C:\Users\kerb930\Documents\Transactive Energy\Community Engagement\doc_strings\tesp\src\tesp_support\tesp_support\api\store.py,function,__init__,148,present_ok,66
C:\Users\kerb930\Documents\Transactive Energy\Community Engagement\doc_strings\tesp\src\tesp_support\tesp_support\api\store.py,function,get_tables,178,missing,0
C:\Users\kerb930\Documents\Transactive Energy\Community Engagement\doc_strings\tesp\src\tesp_support\tesp_support\api\store.py,function,get_columns,200,missing,0
C:\Users\kerb930\Documents\Transactive Energy\Community Engagement\doc_strings\tesp\src\tesp_support\tesp_support\api\store.py,function,set_date_bycol,231,missing,0
C:\Users\kerb930\Documents\Transactive Energy\Community Engagement\doc_strings\tesp\src\tesp_support\tesp_support\api\store.py,function,set_date_byrow,240,missing,0
C:\Users\kerb930\Documents\Transactive Energy\Community Engagement\doc_strings\tesp\src\tesp_support\tesp_support\api\store.py,function,get_date,246,missing,0
C:\Users\kerb930\Documents\Transactive Energy\Community Engagement\doc_strings\tesp\src\tesp_support\tesp_support\api\store.py,function,get_series_data,263,missing,0
C:\Users\kerb930\Documents\Transactive Energy\Community Engagement\doc_strings\tesp\src\tesp_support\tesp_support\api\store.py,function,toJSON,308,missing,0
C:\Users\kerb930\Documents\Transactive Energy\Community Engagement\doc_strings\tesp\src\tesp_support\tesp_support\api\store.py,function,__init__,356,missing,0
C:\Users\kerb930\Documents\Transactive Energy\Community Engagement\doc_strings\tesp\src\tesp_support\tesp_support\api\store.py,function,add_path,363,missing,0
C:\Users\kerb930\Documents\Transactive Energy\Community Engagement\doc_strings\tesp\src\tesp_support\tesp_support\api\store.py,function,add_directory,372,missing,0
C:\Users\kerb930\Documents\Transactive Energy\Community Engagement\doc_strings\tesp\src\tesp_support\tesp_support\api\store.py,function,del_directory,377,missing,0
C:\Users\kerb930\Documents\Transactive Energy\Community Engagement\doc_strings\tesp\src\tesp_support\tesp_support\api\store.py,function,get_directory,384,missing,0
C:\Users\kerb930\Documents\Transactive Energy\Community Engagement\doc_strings\tesp\src\tesp_support\tesp_support\api\store.py,function,add_file,398,missing,0
C:\Users\kerb930\Documents\Transactive Energy\Community Engagement\doc_strings\tesp\src\tesp_support\tesp_support\api\store.py,function,add_schema,407,missing,0
C:\Users\kerb930\Documents\Transactive Energy\Community Engagement\doc_strings\tesp\src\tesp_support\tesp_support\api\store.py,function,del_schema,412,missing,0
C:\Users\kerb930\Documents\Transactive Energy\Community Engagement\doc_strings\tesp\src\tesp_support\tesp_support\api\store.py,function,get_schema,419,missing,0
C:\Users\kerb930\Documents\Transactive Energy\Community Engagement\doc_strings\tesp\src\tesp_support\tesp_support\api\store.py,function,write,433,missing,0
C:\Users\kerb930\Documents\Transactive Energy\Community Engagement\doc_strings\tesp\src\tesp_support\tesp_support\api\store.py,function,read,443,missing,0
C:\Users\kerb930\Documents\Transactive Energy\Community Engagement\doc_strings\tesp\src\tesp_support\tesp_support\api\store.py,function,zip,476,missing,0
C:\Users\kerb930\Documents\Transactive Energy\Community Engagement\doc_strings\tesp\src\tesp_support\tesp_support\api\substation.py,module,substation,1,present_ok,461
C:\Users\kerb930\Documents\Transactive Energy\Community Engagement\doc_strings\tesp\src\tesp_support\tesp_support\api\substation.py,function,substation_loop,26,present_ok,502
C:\Users\kerb930\Documents\Transactive Energy\Community Engagement\doc_strings\tesp\src\tesp_support\tesp_support\api\test_runner.py,module,test_runner,1,present_ok,312
C:\Users\kerb930\Documents\Transactive Energy\Community Engagement\doc_strings\tesp\src\tesp_support\tesp_support\api\test_runner.py,function,init_tests,23,missing,0
C:\Users\kerb930\Documents\Transactive Energy\Community Engagement\doc_strings\tesp\src\tesp_support\tesp_support\api\test_runner.py,function,block_test,30,missing,0
C:\Users\kerb930\Documents\Transactive Energy\Community Engagement\doc_strings\tesp\src\tesp_support\tesp_support\api\test_runner.py,function,start_test,36,missing,0
C:\Users\kerb930\Documents\Transactive Energy\Community Engagement\doc_strings\tesp\src\tesp_support\tesp_support\api\test_runner.py,function,process_line,40,missing,0
C:\Users\kerb930\Documents\Transactive Energy\Community Engagement\doc_strings\tesp\src\tesp_support\tesp_support\api\test_runner.py,function,docker_line,50,missing,0
C:\Users\kerb930\Documents\Transactive Energy\Community Engagement\doc_strings\tesp\src\tesp_support\tesp_support\api\test_runner.py,function,exec_test,60,missing,0
C:\Users\kerb930\Documents\Transactive Energy\Community Engagement\doc_strings\tesp\src\tesp_support\tesp_support\api\test_runner.py,function,run_test,74,missing,0
C:\Users\kerb930\Documents\Transactive Energy\Community Engagement\doc_strings\tesp\src\tesp_support\tesp_support\api\test_runner.py,function,services,126,missing,0
C:\Users\kerb930\Documents\Transactive Energy\Community Engagement\doc_strings\tesp\src\tesp_support\tesp_support\api\test_runner.py,function,run_docker_test,182,missing,0
C:\Users\kerb930\Documents\Transactive Energy\Community Engagement\doc_strings\tesp\src\tesp_support\tesp_support\api\test_runner.py,function,report_tests,266,missing,0
C:\Users\kerb930\Documents\Transactive Energy\Community Engagement\doc_strings\tesp\src\tesp_support\tesp_support\api\time_helpers.py,module,time_helpers,1,present_ok,73
C:\Users\kerb930\Documents\Transactive Energy\Community Engagement\doc_strings\tesp\src\tesp_support\tesp_support\api\time_helpers.py,function,get_secs_from_hhmm,10,present_ok,95
C:\Users\kerb930\Documents\Transactive Energy\Community Engagement\doc_strings\tesp\src\tesp_support\tesp_support\api\time_helpers.py,function,get_hhmm_from_secs,21,present_ok,93
C:\Users\kerb930\Documents\Transactive Energy\Community Engagement\doc_strings\tesp\src\tesp_support\tesp_support\api\time_helpers.py,function,subtract_hhmm_secs,36,present_ok,154
C:\Users\kerb930\Documents\Transactive Energy\Community Engagement\doc_strings\tesp\src\tesp_support\tesp_support\api\time_helpers.py,function,add_hhmm_secs,51,present_ok,144
C:\Users\kerb930\Documents\Transactive Energy\Community Engagement\doc_strings\tesp\src\tesp_support\tesp_support\api\time_helpers.py,function,get_duration,66,present_ok,179
C:\Users\kerb930\Documents\Transactive Energy\Community Engagement\doc_strings\tesp\src\tesp_support\tesp_support\api\time_helpers.py,function,is_hhmm_valid,83,present_ok,133
C:\Users\kerb930\Documents\Transactive Energy\Community Engagement\doc_strings\tesp\src\tesp_support\tesp_support\api\time_helpers.py,function,get_dist,98,present_ok,219
C:\Users\kerb930\Documents\Transactive Energy\Community Engagement\doc_strings\tesp\src\tesp_support\tesp_support\api\tso_helpers.py,module,tso_helpers,1,present_ok,197
C:\Users\kerb930\Documents\Transactive Energy\Community Engagement\doc_strings\tesp\src\tesp_support\tesp_support\api\tso_helpers.py,function,print_m_case,23,missing,0
C:\Users\kerb930\Documents\Transactive Energy\Community Engagement\doc_strings\tesp\src\tesp_support\tesp_support\api\tso_helpers.py,function,print_matrix,47,missing,0
C:\Users\kerb930\Documents\Transactive Energy\Community Engagement\doc_strings\tesp\src\tesp_support\tesp_support\api\tso_helpers.py,function,print_keyed_matrix,63,missing,0
C:\Users\kerb930\Documents\Transactive Energy\Community Engagement\doc_strings\tesp\src\tesp_support\tesp_support\api\tso_helpers.py,function,load_json_case,76,present_ok,173
C:\Users\kerb930\Documents\Transactive Energy\Community Engagement\doc_strings\tesp\src\tesp_support\tesp_support\api\tso_helpers.py,function,print_mod_load,97,missing,0
C:\Users\kerb930\Documents\Transactive Energy\Community Engagement\doc_strings\tesp\src\tesp_support\tesp_support\api\tso_helpers.py,function,summarize_opf,121,present_ok,129
C:\Users\kerb930\Documents\Transactive Energy\Community Engagement\doc_strings\tesp\src\tesp_support\tesp_support\api\tso_helpers.py,function,make_dictionary,152,present_ok,220
C:\Users\kerb930\Documents\Transactive Energy\Community Engagement\doc_strings\tesp\src\tesp_support\tesp_support\api\tso_helpers.py,function,dist_slack,223,present_ok,133
C:\Users\kerb930\Documents\Transactive Energy\Community Engagement\doc_strings\tesp\src\tesp_support\tesp_support\api\tso_helpers.py,function,printline,24,missing,0
C:\Users\kerb930\Documents\Transactive Energy\Community Engagement\doc_strings\tesp\src\tesp_support\tesp_support\api\tso_psst.py,module,tso_psst,1,missing,0
C:\Users\kerb930\Documents\Transactive Energy\Community Engagement\doc_strings\tesp\src\tesp_support\tesp_support\api\tso_psst.py,function,make_generator_plants,25,missing,0
C:\Users\kerb930\Documents\Transactive Energy\Community Engagement\doc_strings\tesp\src\tesp_support\tesp_support\api\tso_psst.py,function,tso_psst_loop,38,missing,0
C:\Users\kerb930\Documents\Transactive Energy\Community Engagement\doc_strings\tesp\src\tesp_support\tesp_support\api\tso_psst.py,function,open_ldcurve,40,missing,0
C:\Users\kerb930\Documents\Transactive Energy\Community Engagement\doc_strings\tesp\src\tesp_support\tesp_support\api\tso_psst.py,function,energy_and_capacity,54,missing,0
C:\Users\kerb930\Documents\Transactive Energy\Community Engagement\doc_strings\tesp\src\tesp_support\tesp_support\api\tso_psst.py,function,get_sub,73,missing,0
C:\Users\kerb930\Documents\Transactive Energy\Community Engagement\doc_strings\tesp\src\tesp_support\tesp_support\api\tso_psst.py,function,get_pub,81,missing,0
C:\Users\kerb930\Documents\Transactive Energy\Community Engagement\doc_strings\tesp\src\tesp_support\tesp_support\api\tso_psst.py,function,scucDAM,89,missing,0
C:\Users\kerb930\Documents\Transactive Energy\Community Engagement\doc_strings\tesp\src\tesp_support\tesp_support\api\tso_psst.py,function,scedRTM,277,missing,0
C:\Users\kerb930\Documents\Transactive Energy\Community Engagement\doc_strings\tesp\src\tesp_support\tesp_support\api\tso_psst.py,function,write_rtm_schedule,447,missing,0
C:\Users\kerb930\Documents\Transactive Energy\Community Engagement\doc_strings\tesp\src\tesp_support\tesp_support\api\tso_psst.py,function,write_default_schedule,461,missing,0
C:\Users\kerb930\Documents\Transactive Energy\Community Engagement\doc_strings\tesp\src\tesp_support\tesp_support\api\tso_psst.py,function,da_curtail_renewables,473,missing,0
C:\Users\kerb930\Documents\Transactive Energy\Community Engagement\doc_strings\tesp\src\tesp_support\tesp_support\api\tso_psst.py,function,rt_curtail_renewables,556,missing,0
C:\Users\kerb930\Documents\Transactive Energy\Community Engagement\doc_strings\tesp\src\tesp_support\tesp_support\api\tso_psst.py,function,write_psst_file,647,missing,0
C:\Users\kerb930\Documents\Transactive Energy\Community Engagement\doc_strings\tesp\src\tesp_support\tesp_support\api\tso_psst.py,function,update_cost_and_load,929,missing,0
C:\Users\kerb930\Documents\Transactive Energy\Community Engagement\doc_strings\tesp\src\tesp_support\tesp_support\api\tso_psst.py,function,use_generator,992,missing,0
C:\Users\kerb930\Documents\Transactive Energy\Community Engagement\doc_strings\tesp\src\tesp_support\tesp_support\api\tso_PYPOWER.py,module,tso_PYPOWER,1,present_ok,150
C:\Users\kerb930\Documents\Transactive Energy\Community Engagement\doc_strings\tesp\src\tesp_support\tesp_support\api\tso_PYPOWER.py,function,tso_pypower_loop,21,present_ok,863
C:\Users\kerb930\Documents\Transactive Energy\Community Engagement\doc_strings\tesp\src\tesp_support\tesp_support\dsot\__init__.py,module,__init__,1,present_ok,93
C:\Users\kerb930\Documents\Transactive Energy\Community Engagement\doc_strings\tesp\src\tesp_support\tesp_support\dsot\balance_sheet_functions.py,module,balance_sheet_functions,1,present_short,0
C:\Users\kerb930\Documents\Transactive Energy\Community Engagement\doc_strings\tesp\src\tesp_support\tesp_support\dsot\balance_sheet_functions.py,function,too_balance_sheet_annual,12,present_ok,150
C:\Users\kerb930\Documents\Transactive Energy\Community Engagement\doc_strings\tesp\src\tesp_support\tesp_support\dsot\balance_sheet_functions.py,function,iso_balance_sheet_annual,92,present_ok,150
C:\Users\kerb930\Documents\Transactive Energy\Community Engagement\doc_strings\tesp\src\tesp_support\tesp_support\dsot\balance_sheet_functions.py,function,test_too,157,missing,0
C:\Users\kerb930\Documents\Transactive Energy\Community Engagement\doc_strings\tesp\src\tesp_support\tesp_support\dsot\balance_sheet_functions.py,function,test_iso,164,missing,0
C:\Users\kerb930\Documents\Transactive Energy\Community Engagement\doc_strings\tesp\src\tesp_support\tesp_support\dsot\battery_agent.py,module,battery_agent,1,present_ok,622
C:\Users\kerb930\Documents\Transactive Energy\Community Engagement\doc_strings\tesp\src\tesp_support\tesp_support\dsot\battery_agent.py,class,BatteryDSOT,33,present_ok,2414
C:\Users\kerb930\Documents\Transactive Energy\Community Engagement\doc_strings\tesp\src\tesp_support\tesp_support\dsot\battery_agent.py,function,test,600,present_ok,44
C:\Users\kerb930\Documents\Transactive Energy\Community Engagement\doc_strings\tesp\src\tesp_support\tesp_support\dsot\battery_agent.py,function,__init__,77,missing,0
C:\Users\kerb930\Documents\Transactive Energy\Community Engagement\doc_strings\tesp\src\tesp_support\tesp_support\dsot\battery_agent.py,function,test_function,178,present_ok,71
C:\Users\kerb930\Documents\Transactive Energy\Community Engagement\doc_strings\tesp\src\tesp_support\tesp_support\dsot\battery_agent.py,function,inform_bid,183,present_ok,96
C:\Users\kerb930\Documents\Transactive Energy\Community Engagement\doc_strings\tesp\src\tesp_support\tesp_support\dsot\battery_agent.py,function,bid_accepted,191,present_ok,145
C:\Users\kerb930\Documents\Transactive Energy\Community Engagement\doc_strings\tesp\src\tesp_support\tesp_support\dsot\battery_agent.py,function,set_price_forecast,200,present_ok,103
C:\Users\kerb930\Documents\Transactive Energy\Community Engagement\doc_strings\tesp\src\tesp_support\tesp_support\dsot\battery_agent.py,function,DA_cleared_price,208,present_ok,99
C:\Users\kerb930\Documents\Transactive Energy\Community Engagement\doc_strings\tesp\src\tesp_support\tesp_support\dsot\battery_agent.py,function,formulate_bid_da,226,present_ok,520
C:\Users\kerb930\Documents\Transactive Energy\Community Engagement\doc_strings\tesp\src\tesp_support\tesp_support\dsot\battery_agent.py,function,obj_rule,289,missing,0
C:\Users\kerb930\Documents\Transactive Energy\Community Engagement\doc_strings\tesp\src\tesp_support\tesp_support\dsot\battery_agent.py,function,con_rule_ine1,296,missing,0
C:\Users\kerb930\Documents\Transactive Energy\Community Engagement\doc_strings\tesp\src\tesp_support\tesp_support\dsot\battery_agent.py,function,con_rule_ine2,299,missing,0
C:\Users\kerb930\Documents\Transactive Energy\Community Engagement\doc_strings\tesp\src\tesp_support\tesp_support\dsot\battery_agent.py,function,con_rule_eq1,302,missing,0
C:\Users\kerb930\Documents\Transactive Energy\Community Engagement\doc_strings\tesp\src\tesp_support\tesp_support\dsot\battery_agent.py,function,con_rule_eq2,305,missing,0
C:\Users\kerb930\Documents\Transactive Energy\Community Engagement\doc_strings\tesp\src\tesp_support\tesp_support\dsot\battery_agent.py,function,con_rule_eq3,308,missing,0
C:\Users\kerb930\Documents\Transactive Energy\Community Engagement\doc_strings\tesp\src\tesp_support\tesp_support\dsot\battery_agent.py,function,DA_optimal_quantities,314,present_ok,206
C:\Users\kerb930\Documents\Transactive Energy\Community Engagement\doc_strings\tesp\src\tesp_support\tesp_support\dsot\battery_agent.py,function,formulate_bid_rt,360,present_ok,390
C:\Users\kerb930\Documents\Transactive Energy\Community Engagement\doc_strings\tesp\src\tesp_support\tesp_support\dsot\battery_agent.py,function,RT_fix_four_points_range,437,present_ok,215
C:\Users\kerb930\Documents\Transactive Energy\Community Engagement\doc_strings\tesp\src\tesp_support\tesp_support\dsot\battery_agent.py,function,RT_gridlabd_set_P,497,present_ok,186
C:\Users\kerb930\Documents\Transactive Energy\Community Engagement\doc_strings\tesp\src\tesp_support\tesp_support\dsot\battery_agent.py,function,set_SOC,532,present_ok,238
C:\Users\kerb930\Documents\Transactive Energy\Community Engagement\doc_strings\tesp\src\tesp_support\tesp_support\dsot\battery_agent.py,function,from_P_to_Q_battery,550,present_ok,262
C:\Users\kerb930\Documents\Transactive Energy\Community Engagement\doc_strings\tesp\src\tesp_support\tesp_support\dsot\case_comparison_plots.py,module,case_comparison_plots,1,missing,0
C:\Users\kerb930\Documents\Transactive Energy\Community Engagement\doc_strings\tesp\src\tesp_support\tesp_support\dsot\case_comparison_plots.py,function,rec_diff,17,missing,0
C:\Users\kerb930\Documents\Transactive Energy\Community Engagement\doc_strings\tesp\src\tesp_support\tesp_support\dsot\case_comparison_plots.py,function,customer_bill_component_comparison,26,present_ok,413
C:\Users\kerb930\Documents\Transactive Energy\Community Engagement\doc_strings\tesp\src\tesp_support\tesp_support\dsot\case_comparison_plots.py,function,customer_monthly_stats,158,present_ok,399
C:\Users\kerb930\Documents\Transactive Energy\Community Engagement\doc_strings\tesp\src\tesp_support\tesp_support\dsot\case_comparison_plots.py,function,load_comparison_plot,258,present_ok,480
C:\Users\kerb930\Documents\Transactive Energy\Community Engagement\doc_strings\tesp\src\tesp_support\tesp_support\dsot\case_comparison_plots.py,function,retail_price_comparison_plot,348,present_ok,543
C:\Users\kerb930\Documents\Transactive Energy\Community Engagement\doc_strings\tesp\src\tesp_support\tesp_support\dsot\case_comparison_plots.py,function,plot_annual_stats,474,present_ok,540
C:\Users\kerb930\Documents\Transactive Energy\Community Engagement\doc_strings\tesp\src\tesp_support\tesp_support\dsot\case_comparison_plots.py,function,reduction_by_class,792,present_ok,378
C:\Users\kerb930\Documents\Transactive Energy\Community Engagement\doc_strings\tesp\src\tesp_support\tesp_support\dsot\case_comparison_plots.py,function,dso_cfs_delta,843,present_ok,394
C:\Users\kerb930\Documents\Transactive Energy\Community Engagement\doc_strings\tesp\src\tesp_support\tesp_support\dsot\case_comparison_plots.py,function,customer_cfs_delta,1115,present_ok,184
C:\Users\kerb930\Documents\Transactive Energy\Community Engagement\doc_strings\tesp\src\tesp_support\tesp_support\dsot\case_comparison_plots.py,function,plot_customer_pdf,1454,present_ok,546
C:\Users\kerb930\Documents\Transactive Energy\Community Engagement\doc_strings\tesp\src\tesp_support\tesp_support\dsot\case_comparison_plots.py,function,rates_plots,1746,missing,0
C:\Users\kerb930\Documents\Transactive Energy\Community Engagement\doc_strings\tesp\src\tesp_support\tesp_support\dsot\case_merge.py,module,case_merge,1,present_ok,425
C:\Users\kerb930\Documents\Transactive Energy\Community Engagement\doc_strings\tesp\src\tesp_support\tesp_support\dsot\case_merge.py,function,merge_glm,20,present_ok,294
C:\Users\kerb930\Documents\Transactive Energy\Community Engagement\doc_strings\tesp\src\tesp_support\tesp_support\dsot\case_merge.py,function,rename,106,missing,0
C:\Users\kerb930\Documents\Transactive Energy\Community Engagement\doc_strings\tesp\src\tesp_support\tesp_support\dsot\case_merge.py,function,del_names,111,missing,0
C:\Users\kerb930\Documents\Transactive Energy\Community Engagement\doc_strings\tesp\src\tesp_support\tesp_support\dsot\case_merge.py,function,del_danglers,117,present_ok,141
C:\Users\kerb930\Documents\Transactive Energy\Community Engagement\doc_strings\tesp\src\tesp_support\tesp_support\dsot\case_merge.py,function,remove,183,missing,0
C:\Users\kerb930\Documents\Transactive Energy\Community Engagement\doc_strings\tesp\src\tesp_support\tesp_support\dsot\case_merge.py,function,glm_merge,187,present_ok,598
C:\Users\kerb930\Documents\Transactive Energy\Community Engagement\doc_strings\tesp\src\tesp_support\tesp_support\dsot\case_merge.py,function,merge_glm_dict,280,present_ok,616
C:\Users\kerb930\Documents\Transactive Energy\Community Engagement\doc_strings\tesp\src\tesp_support\tesp_support\dsot\case_merge.py,function,merge_agent_dict,334,present_ok,277
C:\Users\kerb930\Documents\Transactive Energy\Community Engagement\doc_strings\tesp\src\tesp_support\tesp_support\dsot\case_merge.py,function,merge_substation_yaml,366,present_ok,258
C:\Users\kerb930\Documents\Transactive Energy\Community Engagement\doc_strings\tesp\src\tesp_support\tesp_support\dsot\case_merge.py,function,merge_fncs_config,381,present_ok,259
C:\Users\kerb930\Documents\Transactive Energy\Community Engagement\doc_strings\tesp\src\tesp_support\tesp_support\dsot\customer_CFS.py,module,customer_CFS,1,present_short,16
C:\Users\kerb930\Documents\Transactive Energy\Community Engagement\doc_strings\tesp\src\tesp_support\tesp_support\dsot\customer_CFS.py,function,customer_CFS,15,missing,0
C:\Users\kerb930\Documents\Transactive Energy\Community Engagement\doc_strings\tesp\src\tesp_support\tesp_support\dsot\dso_CFS.py,module,dso_CFS,1,present_short,16
C:\Users\kerb930\Documents\Transactive Energy\Community Engagement\doc_strings\tesp\src\tesp_support\tesp_support\dsot\dso_CFS.py,function,dso_CFS,30,missing,0
C:\Users\kerb930\Documents\Transactive Energy\Community Engagement\doc_strings\tesp\src\tesp_support\tesp_support\dsot\dso_helper_functions.py,module,dso_helper_functions,1,present_short,16
C:\Users\kerb930\Documents\Transactive Energy\Community Engagement\doc_strings\tesp\src\tesp_support\tesp_support\dsot\dso_helper_functions.py,function,returnDictSum,110,missing,0
C:\Users\kerb930\Documents\Transactive Energy\Community Engagement\doc_strings\tesp\src\tesp_support\tesp_support\dsot\dso_helper_functions.py,function,TEAM,123,missing,0
C:\Users\kerb930\Documents\Transactive Energy\Community Engagement\doc_strings\tesp\src\tesp_support\tesp_support\dsot\dso_helper_functions.py,function,labor,166,missing,0
C:\Users\kerb930\Documents\Transactive Energy\Community Engagement\doc_strings\tesp\src\tesp_support\tesp_support\dsot\dso_helper_functions.py,function,labor_transactive,186,missing,0
C:\Users\kerb930\Documents\Transactive Energy\Community Engagement\doc_strings\tesp\src\tesp_support\tesp_support\dsot\dso_helper_functions.py,function,labor_increase,208,missing,0
C:\Users\kerb930\Documents\Transactive Energy\Community Engagement\doc_strings\tesp\src\tesp_support\tesp_support\dsot\dso_helper_functions.py,function,labor_network_admin,235,missing,0
C:\Users\kerb930\Documents\Transactive Energy\Community Engagement\doc_strings\tesp\src\tesp_support\tesp_support\dsot\dso_helper_functions.py,function,labor_network_admin_transactive,255,missing,0
C:\Users\kerb930\Documents\Transactive Energy\Community Engagement\doc_strings\tesp\src\tesp_support\tesp_support\dsot\dso_helper_functions.py,function,labor_network_admin_increase,279,missing,0
C:\Users\kerb930\Documents\Transactive Energy\Community Engagement\doc_strings\tesp\src\tesp_support\tesp_support\dsot\dso_helper_functions.py,function,get_customer_df,306,missing,0
C:\Users\kerb930\Documents\Transactive Energy\Community Engagement\doc_strings\tesp\src\tesp_support\tesp_support\dsot\dso_helper_functions.py,function,get_mean_for_diff_groups,337,missing,0
C:\Users\kerb930\Documents\Transactive Energy\Community Engagement\doc_strings\tesp\src\tesp_support\tesp_support\dsot\dso_helper_functions.py,function,get_DSO_df,364,missing,0
C:\Users\kerb930\Documents\Transactive Energy\Community Engagement\doc_strings\tesp\src\tesp_support\tesp_support\dsot\dso_map.py,module,dso_map,1,missing,0
C:\Users\kerb930\Documents\Transactive Energy\Community Engagement\doc_strings\tesp\src\tesp_support\tesp_support\dsot\dso_map.py,function,prepare_metadata,72,missing,0
C:\Users\kerb930\Documents\Transactive Energy\Community Engagement\doc_strings\tesp\src\tesp_support\tesp_support\dsot\dso_market.py,module,dso_market,1,present_ok,308
C:\Users\kerb930\Documents\Transactive Energy\Community Engagement\doc_strings\tesp\src\tesp_support\tesp_support\dsot\dso_market.py,class,DSOMarket,25,present_ok,2256
C:\Users\kerb930\Documents\Transactive Energy\Community Engagement\doc_strings\tesp\src\tesp_support\tesp_support\dsot\dso_market.py,function,test,861,missing,0
C:\Users\kerb930\Documents\Transactive Energy\Community Engagement\doc_strings\tesp\src\tesp_support\tesp_support\dsot\dso_market.py,function,__init__,58,present_short,21
C:\Users\kerb930\Documents\Transactive Energy\Community Engagement\doc_strings\tesp\src\tesp_support\tesp_support\dsot\dso_market.py,function,update_wholesale_node_curve,153,present_ok,115
C:\Users\kerb930\Documents\Transactive Energy\Community Engagement\doc_strings\tesp\src\tesp_support\tesp_support\dsot\dso_market.py,function,clean_bids_RT,169,present_ok,54
C:\Users\kerb930\Documents\Transactive Energy\Community Engagement\doc_strings\tesp\src\tesp_support\tesp_support\dsot\dso_market.py,function,clean_bids_DA,178,present_ok,54
C:\Users\kerb930\Documents\Transactive Energy\Community Engagement\doc_strings\tesp\src\tesp_support\tesp_support\dsot\dso_market.py,function,curve_aggregator_DSO_RT,188,present_ok,262
C:\Users\kerb930\Documents\Transactive Energy\Community Engagement\doc_strings\tesp\src\tesp_support\tesp_support\dsot\dso_market.py,function,curve_aggregator_DSO_DA,205,present_ok,278
C:\Users\kerb930\Documents\Transactive Energy\Community Engagement\doc_strings\tesp\src\tesp_support\tesp_support\dsot\dso_market.py,function,curve_preprocess,225,present_ok,489
C:\Users\kerb930\Documents\Transactive Energy\Community Engagement\doc_strings\tesp\src\tesp_support\tesp_support\dsot\dso_market.py,function,retail_rate,249,present_ok,194
C:\Users\kerb930\Documents\Transactive Energy\Community Engagement\doc_strings\tesp\src\tesp_support\tesp_support\dsot\dso_market.py,function,retail_rate_inverse,261,present_ok,194
C:\Users\kerb930\Documents\Transactive Energy\Community Engagement\doc_strings\tesp\src\tesp_support\tesp_support\dsot\dso_market.py,function,set_Pwclear_RT,273,present_ok,237
C:\Users\kerb930\Documents\Transactive Energy\Community Engagement\doc_strings\tesp\src\tesp_support\tesp_support\dsot\dso_market.py,function,set_Pwclear_DA,313,present_ok,220
C:\Users\kerb930\Documents\Transactive Energy\Community Engagement\doc_strings\tesp\src\tesp_support\tesp_support\dsot\dso_market.py,function,get_prices_of_quantities,327,present_ok,279
C:\Users\kerb930\Documents\Transactive Energy\Community Engagement\doc_strings\tesp\src\tesp_support\tesp_support\dsot\dso_market.py,function,trial_wholesale_clearing,343,present_ok,493
C:\Users\kerb930\Documents\Transactive Energy\Community Engagement\doc_strings\tesp\src\tesp_support\tesp_support\dsot\dso_market.py,function,substation_supply_curve_RT,497,present_ok,791
C:\Users\kerb930\Documents\Transactive Energy\Community Engagement\doc_strings\tesp\src\tesp_support\tesp_support\dsot\dso_market.py,function,substation_supply_curve_DA,572,present_ok,808
C:\Users\kerb930\Documents\Transactive Energy\Community Engagement\doc_strings\tesp\src\tesp_support\tesp_support\dsot\dso_market.py,function,supply_curve,633,present_ok,1059
C:\Users\kerb930\Documents\Transactive Energy\Community Engagement\doc_strings\tesp\src\tesp_support\tesp_support\dsot\dso_market.py,function,generate_TOC,686,present_ok,508
C:\Users\kerb930\Documents\Transactive Energy\Community Engagement\doc_strings\tesp\src\tesp_support\tesp_support\dsot\dso_market.py,function,set_ref_load,778,present_ok,175
C:\Users\kerb930\Documents\Transactive Energy\Community Engagement\doc_strings\tesp\src\tesp_support\tesp_support\dsot\dso_market.py,function,set_total_load,787,present_ok,148
C:\Users\kerb930\Documents\Transactive Energy\Community Engagement\doc_strings\tesp\src\tesp_support\tesp_support\dsot\dso_market.py,function,set_ind_load,796,present_ok,172
C:\Users\kerb930\Documents\Transactive Energy\Community Engagement\doc_strings\tesp\src\tesp_support\tesp_support\dsot\dso_market.py,function,set_ind_load_da,805,present_ok,244
C:\Users\kerb930\Documents\Transactive Energy\Community Engagement\doc_strings\tesp\src\tesp_support\tesp_support\dsot\dso_market.py,function,set_ref_load_da,814,present_ok,214
C:\Users\kerb930\Documents\Transactive Energy\Community Engagement\doc_strings\tesp\src\tesp_support\tesp_support\dsot\dso_market.py,function,set_lmp_da,822,present_ok,105
C:\Users\kerb930\Documents\Transactive Energy\Community Engagement\doc_strings\tesp\src\tesp_support\tesp_support\dsot\dso_market.py,function,set_lmp_rt,830,present_ok,93
C:\Users\kerb930\Documents\Transactive Energy\Community Engagement\doc_strings\tesp\src\tesp_support\tesp_support\dsot\dso_market.py,function,set_cleared_q_da,838,present_ok,112
C:\Users\kerb930\Documents\Transactive Energy\Community Engagement\doc_strings\tesp\src\tesp_support\tesp_support\dsot\dso_market.py,function,set_cleared_q_rt,846,present_ok,112
C:\Users\kerb930\Documents\Transactive Energy\Community Engagement\doc_strings\tesp\src\tesp_support\tesp_support\dsot\dso_market.py,function,test_function,854,present_ok,71
C:\Users\kerb930\Documents\Transactive Energy\Community Engagement\doc_strings\tesp\src\tesp_support\tesp_support\dsot\dso_market.py,function,test_dso_clearing_RT,865,missing,0
C:\Users\kerb930\Documents\Transactive Energy\Community Engagement\doc_strings\tesp\src\tesp_support\tesp_support\dsot\dso_market.py,function,test_dso_clearing_DA,1024,missing,0
C:\Users\kerb930\Documents\Transactive Energy\Community Engagement\doc_strings\tesp\src\tesp_support\tesp_support\dsot\dso_quadratic_curves.py,module,dso_quadratic_curves,1,present_ok,55
C:\Users\kerb930\Documents\Transactive Energy\Community Engagement\doc_strings\tesp\src\tesp_support\tesp_support\dsot\dso_quadratic_curves.py,class,DSO_LMPs_vs_Q,15,present_ok,769
C:\Users\kerb930\Documents\Transactive Energy\Community Engagement\doc_strings\tesp\src\tesp_support\tesp_support\dsot\dso_quadratic_curves.py,function,__init__,35,present_short,21
C:\Users\kerb930\Documents\Transactive Energy\Community Engagement\doc_strings\tesp\src\tesp_support\tesp_support\dsot\dso_quadratic_curves.py,function,organize_remove_outliers,49,present_ok,355
C:\Users\kerb930\Documents\Transactive Energy\Community Engagement\doc_strings\tesp\src\tesp_support\tesp_support\dsot\dso_quadratic_curves.py,function,fit_model,91,present_ok,302
C:\Users\kerb930\Documents\Transactive Energy\Community Engagement\doc_strings\tesp\src\tesp_support\tesp_support\dsot\dso_quadratic_curves.py,function,multiple_fit_calls,107,present_ok,126
C:\Users\kerb930\Documents\Transactive Energy\Community Engagement\doc_strings\tesp\src\tesp_support\tesp_support\dsot\dso_quadratic_curves.py,function,c_to_DSO_m,125,present_ok,175
C:\Users\kerb930\Documents\Transactive Energy\Community Engagement\doc_strings\tesp\src\tesp_support\tesp_support\dsot\dso_quadratic_curves.py,function,make_json_out,138,present_short,29
C:\Users\kerb930\Documents\Transactive Energy\Community Engagement\doc_strings\tesp\src\tesp_support\tesp_support\dsot\dso_quadratic_curves.py,function,get_y,182,missing,0
C:\Users\kerb930\Documents\Transactive Energy\Community Engagement\doc_strings\tesp\src\tesp_support\tesp_support\dsot\dso_rate_making.py,module,dso_rate_making,1,present_short,16
C:\Users\kerb930\Documents\Transactive Energy\Community Engagement\doc_strings\tesp\src\tesp_support\tesp_support\dsot\dso_rate_making.py,function,read_meters,23,present_ok,1297
C:\Users\kerb930\Documents\Transactive Energy\Community Engagement\doc_strings\tesp\src\tesp_support\tesp_support\dsot\dso_rate_making.py,function,annual_energy,365,present_ok,654
C:\Users\kerb930\Documents\Transactive Energy\Community Engagement\doc_strings\tesp\src\tesp_support\tesp_support\dsot\dso_rate_making.py,function,create_demand_profiles_for_each_meter,416,present_ok,733
C:\Users\kerb930\Documents\Transactive Energy\Community Engagement\doc_strings\tesp\src\tesp_support\tesp_support\dsot\dso_rate_making.py,function,create_baseline_demand_profiles_for_each_meter,517,present_ok,1104
C:\Users\kerb930\Documents\Transactive Energy\Community Engagement\doc_strings\tesp\src\tesp_support\tesp_support\dsot\dso_rate_making.py,function,calculate_consumer_bills,697,present_ok,1475
C:\Users\kerb930\Documents\Transactive Energy\Community Engagement\doc_strings\tesp\src\tesp_support\tesp_support\dsot\dso_rate_making.py,function,calculate_tier_credit,1420,present_ok,641
C:\Users\kerb930\Documents\Transactive Energy\Community Engagement\doc_strings\tesp\src\tesp_support\tesp_support\dsot\dso_rate_making.py,function,calculate_tariff_prices,1472,present_ok,1643
C:\Users\kerb930\Documents\Transactive Energy\Community Engagement\doc_strings\tesp\src\tesp_support\tesp_support\dsot\dso_rate_making.py,function,get_total_dso_costs,2878,present_ok,886
C:\Users\kerb930\Documents\Transactive Energy\Community Engagement\doc_strings\tesp\src\tesp_support\tesp_support\dsot\dso_rate_making.py,function,DSO_rate_making,3031,present_ok,1593
C:\Users\kerb930\Documents\Transactive Energy\Community Engagement\doc_strings\tesp\src\tesp_support\tesp_support\dsot\dso_rate_making.py,function,get_cust_bill,3461,present_ok,613
C:\Users\kerb930\Documents\Transactive Energy\Community Engagement\doc_strings\tesp\src\tesp_support\tesp_support\dsot\dso_rate_making.py,function,_testing,3596,present_ok,100
C:\Users\kerb930\Documents\Transactive Energy\Community Engagement\doc_strings\tesp\src\tesp_support\tesp_support\dsot\ev_agent.py,module,ev_agent,1,present_ok,675
C:\Users\kerb930\Documents\Transactive Energy\Community Engagement\doc_strings\tesp\src\tesp_support\tesp_support\dsot\ev_agent.py,class,EVDSOT,38,present_ok,2433
C:\Users\kerb930\Documents\Transactive Energy\Community Engagement\doc_strings\tesp\src\tesp_support\tesp_support\dsot\ev_agent.py,function,test,825,present_ok,44
C:\Users\kerb930\Documents\Transactive Energy\Community Engagement\doc_strings\tesp\src\tesp_support\tesp_support\dsot\ev_agent.py,function,__init__,82,missing,0
C:\Users\kerb930\Documents\Transactive Energy\Community Engagement\doc_strings\tesp\src\tesp_support\tesp_support\dsot\ev_agent.py,function,test_function,212,present_ok,71
C:\Users\kerb930\Documents\Transactive Energy\Community Engagement\doc_strings\tesp\src\tesp_support\tesp_support\dsot\ev_agent.py,function,inform_bid,217,present_ok,96
C:\Users\kerb930\Documents\Transactive Energy\Community Engagement\doc_strings\tesp\src\tesp_support\tesp_support\dsot\ev_agent.py,function,bid_accepted,225,present_ok,145
C:\Users\kerb930\Documents\Transactive Energy\Community Engagement\doc_strings\tesp\src\tesp_support\tesp_support\dsot\ev_agent.py,function,set_price_forecast,234,present_ok,103
C:\Users\kerb930\Documents\Transactive Energy\Community Engagement\doc_strings\tesp\src\tesp_support\tesp_support\dsot\ev_agent.py,function,DA_cleared_price,242,present_ok,99
C:\Users\kerb930\Documents\Transactive Energy\Community Engagement\doc_strings\tesp\src\tesp_support\tesp_support\dsot\ev_agent.py,function,formulate_bid_da,260,present_ok,520
C:\Users\kerb930\Documents\Transactive Energy\Community Engagement\doc_strings\tesp\src\tesp_support\tesp_support\dsot\ev_agent.py,function,obj_rule,335,missing,0
C:\Users\kerb930\Documents\Transactive Energy\Community Engagement\doc_strings\tesp\src\tesp_support\tesp_support\dsot\ev_agent.py,function,con_rule_ine1,351,missing,0
C:\Users\kerb930\Documents\Transactive Energy\Community Engagement\doc_strings\tesp\src\tesp_support\tesp_support\dsot\ev_agent.py,function,con_rule_ine2,357,missing,0
C:\Users\kerb930\Documents\Transactive Energy\Community Engagement\doc_strings\tesp\src\tesp_support\tesp_support\dsot\ev_agent.py,function,con_rule_eq1,363,missing,0
C:\Users\kerb930\Documents\Transactive Energy\Community Engagement\doc_strings\tesp\src\tesp_support\tesp_support\dsot\ev_agent.py,function,con_rule_eq2,366,missing,0
C:\Users\kerb930\Documents\Transactive Energy\Community Engagement\doc_strings\tesp\src\tesp_support\tesp_support\dsot\ev_agent.py,function,con_rule_eq3,369,missing,0
C:\Users\kerb930\Documents\Transactive Energy\Community Engagement\doc_strings\tesp\src\tesp_support\tesp_support\dsot\ev_agent.py,function,con_rule_eq4,382,missing,0
C:\Users\kerb930\Documents\Transactive Energy\Community Engagement\doc_strings\tesp\src\tesp_support\tesp_support\dsot\ev_agent.py,function,DA_model_parameters,386,missing,0
C:\Users\kerb930\Documents\Transactive Energy\Community Engagement\doc_strings\tesp\src\tesp_support\tesp_support\dsot\ev_agent.py,function,DA_optimal_quantities,408,present_ok,206
C:\Users\kerb930\Documents\Transactive Energy\Community Engagement\doc_strings\tesp\src\tesp_support\tesp_support\dsot\ev_agent.py,function,formulate_bid_rt,473,present_ok,390
C:\Users\kerb930\Documents\Transactive Energy\Community Engagement\doc_strings\tesp\src\tesp_support\tesp_support\dsot\ev_agent.py,function,RT_fix_four_points_range,559,present_ok,215
C:\Users\kerb930\Documents\Transactive Energy\Community Engagement\doc_strings\tesp\src\tesp_support\tesp_support\dsot\ev_agent.py,function,RT_gridlabd_set_P,619,present_ok,186
C:\Users\kerb930\Documents\Transactive Energy\Community Engagement\doc_strings\tesp\src\tesp_support\tesp_support\dsot\ev_agent.py,function,set_SOC,659,present_ok,236
C:\Users\kerb930\Documents\Transactive Energy\Community Engagement\doc_strings\tesp\src\tesp_support\tesp_support\dsot\ev_agent.py,function,is_car_home,680,present_ok,174
C:\Users\kerb930\Documents\Transactive Energy\Community Engagement\doc_strings\tesp\src\tesp_support\tesp_support\dsot\ev_agent.py,function,is_car_leaving_home,703,present_ok,408
C:\Users\kerb930\Documents\Transactive Energy\Community Engagement\doc_strings\tesp\src\tesp_support\tesp_support\dsot\ev_agent.py,function,get_car_home_duration,723,present_ok,367
C:\Users\kerb930\Documents\Transactive Energy\Community Engagement\doc_strings\tesp\src\tesp_support\tesp_support\dsot\ev_agent.py,function,get_uncntrl_ev_load,746,present_ok,215
C:\Users\kerb930\Documents\Transactive Energy\Community Engagement\doc_strings\tesp\src\tesp_support\tesp_support\dsot\ev_agent.py,function,from_P_to_Q_battery,775,present_ok,262
C:\Users\kerb930\Documents\Transactive Energy\Community Engagement\doc_strings\tesp\src\tesp_support\tesp_support\dsot\forecasting.py,module,forecasting,1,present_ok,215
C:\Users\kerb930\Documents\Transactive Energy\Community Engagement\doc_strings\tesp\src\tesp_support\tesp_support\dsot\forecasting.py,class,Forecasting,29,present_ok,164
C:\Users\kerb930\Documents\Transactive Energy\Community Engagement\doc_strings\tesp\src\tesp_support\tesp_support\dsot\forecasting.py,function,test,545,missing,0
C:\Users\kerb930\Documents\Transactive Energy\Community Engagement\doc_strings\tesp\src\tesp_support\tesp_support\dsot\forecasting.py,function,__init__,42,present_ok,51
C:\Users\kerb930\Documents\Transactive Energy\Community Engagement\doc_strings\tesp\src\tesp_support\tesp_support\dsot\forecasting.py,function,set_sch_year,116,missing,0
C:\Users\kerb930\Documents\Transactive Energy\Community Engagement\doc_strings\tesp\src\tesp_support\tesp_support\dsot\forecasting.py,function,initialize_schedule_dataframe,120,present_ok,215
C:\Users\kerb930\Documents\Transactive Energy\Community Engagement\doc_strings\tesp\src\tesp_support\tesp_support\dsot\forecasting.py,function,make_dataframe_schedule,145,present_ok,240
C:\Users\kerb930\Documents\Transactive Energy\Community Engagement\doc_strings\tesp\src\tesp_support\tesp_support\dsot\forecasting.py,function,add_skew_scalar,269,present_ok,298
C:\Users\kerb930\Documents\Transactive Energy\Community Engagement\doc_strings\tesp\src\tesp_support\tesp_support\dsot\forecasting.py,function,forecasting_schedules,298,missing,0
C:\Users\kerb930\Documents\Transactive Energy\Community Engagement\doc_strings\tesp\src\tesp_support\tesp_support\dsot\forecasting.py,function,set_solar_diffuse_forecast,305,present_ok,118
C:\Users\kerb930\Documents\Transactive Energy\Community Engagement\doc_strings\tesp\src\tesp_support\tesp_support\dsot\forecasting.py,function,set_solar_direct_forecast,313,present_ok,116
C:\Users\kerb930\Documents\Transactive Energy\Community Engagement\doc_strings\tesp\src\tesp_support\tesp_support\dsot\forecasting.py,function,set_temperature_forecast,321,present_ok,136
C:\Users\kerb930\Documents\Transactive Energy\Community Engagement\doc_strings\tesp\src\tesp_support\tesp_support\dsot\forecasting.py,function,get_substation_unresponsive_load_forecast,331,present_ok,332
C:\Users\kerb930\Documents\Transactive Energy\Community Engagement\doc_strings\tesp\src\tesp_support\tesp_support\dsot\forecasting.py,function,calc_solargain,350,missing,0
C:\Users\kerb930\Documents\Transactive Energy\Community Engagement\doc_strings\tesp\src\tesp_support\tesp_support\dsot\forecasting.py,function,calc_solar_flux,374,missing,0
C:\Users\kerb930\Documents\Transactive Energy\Community Engagement\doc_strings\tesp\src\tesp_support\tesp_support\dsot\forecasting.py,function,get_solar_gain_forecast,402,missing,0
C:\Users\kerb930\Documents\Transactive Energy\Community Engagement\doc_strings\tesp\src\tesp_support\tesp_support\dsot\forecasting.py,function,get_internal_gain_forecast,426,present_ok,960
C:\Users\kerb930\Documents\Transactive Energy\Community Engagement\doc_strings\tesp\src\tesp_support\tesp_support\dsot\forecasting.py,function,get_waterdraw_forecast,460,missing,0
C:\Users\kerb930\Documents\Transactive Energy\Community Engagement\doc_strings\tesp\src\tesp_support\tesp_support\dsot\forecasting.py,function,get_solar_forecast,467,missing,0
C:\Users\kerb930\Documents\Transactive Energy\Community Engagement\doc_strings\tesp\src\tesp_support\tesp_support\dsot\forecasting.py,function,set_retail_price_forecast,474,present_ok,284
C:\Users\kerb930\Documents\Transactive Energy\Community Engagement\doc_strings\tesp\src\tesp_support\tesp_support\dsot\forecasting.py,function,get_substation_unresponsive_industrial_load_forecast,501,present_ok,218
C:\Users\kerb930\Documents\Transactive Energy\Community Engagement\doc_strings\tesp\src\tesp_support\tesp_support\dsot\forecasting.py,function,correcting_Q_forecast_10_AM,517,present_ok,206
C:\Users\kerb930\Documents\Transactive Energy\Community Engagement\doc_strings\tesp\src\tesp_support\tesp_support\dsot\gen_map.py,module,gen_map,1,missing,0
C:\Users\kerb930\Documents\Transactive Energy\Community Engagement\doc_strings\tesp\src\tesp_support\tesp_support\dsot\gen_map.py,function,prepare_network,60,missing,0
C:\Users\kerb930\Documents\Transactive Energy\Community Engagement\doc_strings\tesp\src\tesp_support\tesp_support\dsot\generator_balance_sheet_func.py,module,generator_balance_sheet_func,1,present_short,16
C:\Users\kerb930\Documents\Transactive Energy\Community Engagement\doc_strings\tesp\src\tesp_support\tesp_support\dsot\generator_balance_sheet_func.py,function,generator_balance_sheet_annual,16,missing,0
C:\Users\kerb930\Documents\Transactive Energy\Community Engagement\doc_strings\tesp\src\tesp_support\tesp_support\dsot\glm_dictionary.py,module,glm_dictionary,1,present_ok,378
C:\Users\kerb930\Documents\Transactive Energy\Community Engagement\doc_strings\tesp\src\tesp_support\tesp_support\dsot\glm_dictionary.py,function,ercotMeterName,24,present_ok,238
C:\Users\kerb930\Documents\Transactive Energy\Community Engagement\doc_strings\tesp\src\tesp_support\tesp_support\dsot\glm_dictionary.py,function,ti_enumeration_string,41,present_ok,78
C:\Users\kerb930\Documents\Transactive Energy\Community Engagement\doc_strings\tesp\src\tesp_support\tesp_support\dsot\glm_dictionary.py,function,append_include_file,63,missing,0
C:\Users\kerb930\Documents\Transactive Energy\Community Engagement\doc_strings\tesp\src\tesp_support\tesp_support\dsot\glm_dictionary.py,function,glm_dict,71,present_ok,1375
C:\Users\kerb930\Documents\Transactive Energy\Community Engagement\doc_strings\tesp\src\tesp_support\tesp_support\dsot\glm_dictionary.py,function,glm_diction,580,present_ok,216
C:\Users\kerb930\Documents\Transactive Energy\Community Engagement\doc_strings\tesp\src\tesp_support\tesp_support\dsot\helpers_dsot.py,module,helpers_dsot,1,present_ok,108
C:\Users\kerb930\Documents\Transactive Energy\Community Engagement\doc_strings\tesp\src\tesp_support\tesp_support\dsot\helpers_dsot.py,function,write_mircogrids_management_script,19,present_ok,682
C:\Users\kerb930\Documents\Transactive Energy\Community Engagement\doc_strings\tesp\src\tesp_support\tesp_support\dsot\helpers_dsot.py,function,write_dsot_management_script,162,present_ok,835
C:\Users\kerb930\Documents\Transactive Energy\Community Engagement\doc_strings\tesp\src\tesp_support\tesp_support\dsot\helpers_dsot.py,function,write_dsot_management_script_f,299,present_ok,842
C:\Users\kerb930\Documents\Transactive Energy\Community Engagement\doc_strings\tesp\src\tesp_support\tesp_support\dsot\helpers_dsot.py,function,write_management_script,540,missing,0
C:\Users\kerb930\Documents\Transactive Energy\Community Engagement\doc_strings\tesp\src\tesp_support\tesp_support\dsot\helpers_dsot.py,function,write_players_msg,654,missing,0
C:\Users\kerb930\Documents\Transactive Energy\Community Engagement\doc_strings\tesp\src\tesp_support\tesp_support\dsot\helpers_dsot.py,class,MarketClearingType,681,present_ok,34
C:\Users\kerb930\Documents\Transactive Energy\Community Engagement\doc_strings\tesp\src\tesp_support\tesp_support\dsot\helpers_dsot.py,class,HvacMode,689,present_ok,40
C:\Users\kerb930\Documents\Transactive Energy\Community Engagement\doc_strings\tesp\src\tesp_support\tesp_support\dsot\helpers_dsot.py,class,Curve,696,present_ok,510
C:\Users\kerb930\Documents\Transactive Energy\Community Engagement\doc_strings\tesp\src\tesp_support\tesp_support\dsot\helpers_dsot.py,function,curve_bid_sorting,850,present_ok,483
C:\Users\kerb930\Documents\Transactive Energy\Community Engagement\doc_strings\tesp\src\tesp_support\tesp_support\dsot\helpers_dsot.py,function,get_intersect,894,missing,0
C:\Users\kerb930\Documents\Transactive Energy\Community Engagement\doc_strings\tesp\src\tesp_support\tesp_support\dsot\helpers_dsot.py,function,resample_curve,905,missing,0
C:\Users\kerb930\Documents\Transactive Energy\Community Engagement\doc_strings\tesp\src\tesp_support\tesp_support\dsot\helpers_dsot.py,function,resample_curve_for_price_only,913,missing,0
C:\Users\kerb930\Documents\Transactive Energy\Community Engagement\doc_strings\tesp\src\tesp_support\tesp_support\dsot\helpers_dsot.py,function,resample_curve_for_market,920,missing,0
C:\Users\kerb930\Documents\Transactive Energy\Community Engagement\doc_strings\tesp\src\tesp_support\tesp_support\dsot\helpers_dsot.py,function,test,933,missing,0
C:\Users\kerb930\Documents\Transactive Energy\Community Engagement\doc_strings\tesp\src\tesp_support\tesp_support\dsot\helpers_dsot.py,function,__init__,710,present_ok,231
C:\Users\kerb930\Documents\Transactive Energy\Community Engagement\doc_strings\tesp\src\tesp_support\tesp_support\dsot\helpers_dsot.py,function,curve_aggregator,730,present_ok,265
C:\Users\kerb930\Documents\Transactive Energy\Community Engagement\doc_strings\tesp\src\tesp_support\tesp_support\dsot\helpers_dsot.py,function,curve_aggregator_DSO,828,present_ok,253
C:\Users\kerb930\Documents\Transactive Energy\Community Engagement\doc_strings\tesp\src\tesp_support\tesp_support\dsot\helpers_dsot.py,function,update_price_caps,842,present_ok,43
C:\Users\kerb930\Documents\Transactive Energy\Community Engagement\doc_strings\tesp\src\tesp_support\tesp_support\dsot\hvac_agent.py,module,hvac_agent,1,present_ok,54
C:\Users\kerb930\Documents\Transactive Energy\Community Engagement\doc_strings\tesp\src\tesp_support\tesp_support\dsot\hvac_agent.py,class,HVACDSOT,25,present_ok,398
C:\Users\kerb930\Documents\Transactive Energy\Community Engagement\doc_strings\tesp\src\tesp_support\tesp_support\dsot\hvac_agent.py,function,test,2127,present_ok,49
C:\Users\kerb930\Documents\Transactive Energy\Community Engagement\doc_strings\tesp\src\tesp_support\tesp_support\dsot\hvac_agent.py,function,__init__,44,present_short,21
C:\Users\kerb930\Documents\Transactive Energy\Community Engagement\doc_strings\tesp\src\tesp_support\tesp_support\dsot\hvac_agent.py,function,sanity_checks,321,missing,0
C:\Users\kerb930\Documents\Transactive Energy\Community Engagement\doc_strings\tesp\src\tesp_support\tesp_support\dsot\hvac_agent.py,function,calc_thermostat_settings,450,present_ok,281
C:\Users\kerb930\Documents\Transactive Energy\Community Engagement\doc_strings\tesp\src\tesp_support\tesp_support\dsot\hvac_agent.py,function,update_temp_limits_da,537,missing,0
C:\Users\kerb930\Documents\Transactive Energy\Community Engagement\doc_strings\tesp\src\tesp_support\tesp_support\dsot\hvac_agent.py,function,calc_etp_model,551,present_ok,243
C:\Users\kerb930\Documents\Transactive Energy\Community Engagement\doc_strings\tesp\src\tesp_support\tesp_support\dsot\hvac_agent.py,function,set_price_forecast,833,present_ok,157
C:\Users\kerb930\Documents\Transactive Energy\Community Engagement\doc_strings\tesp\src\tesp_support\tesp_support\dsot\hvac_agent.py,function,set_temperature_forecast,846,present_ok,156
C:\Users\kerb930\Documents\Transactive Energy\Community Engagement\doc_strings\tesp\src\tesp_support\tesp_support\dsot\hvac_agent.py,function,set_humidity_forecast,860,present_ok,180
C:\Users\kerb930\Documents\Transactive Energy\Community Engagement\doc_strings\tesp\src\tesp_support\tesp_support\dsot\hvac_agent.py,function,set_solargain_forecast,869,present_ok,200
C:\Users\kerb930\Documents\Transactive Energy\Community Engagement\doc_strings\tesp\src\tesp_support\tesp_support\dsot\hvac_agent.py,function,store_full_internalgain_forecast,879,present_ok,180
C:\Users\kerb930\Documents\Transactive Energy\Community Engagement\doc_strings\tesp\src\tesp_support\tesp_support\dsot\hvac_agent.py,function,store_full_zipload_forecast,887,present_ok,167
C:\Users\kerb930\Documents\Transactive Energy\Community Engagement\doc_strings\tesp\src\tesp_support\tesp_support\dsot\hvac_agent.py,function,set_internalgain_forecast,895,present_ok,207
C:\Users\kerb930\Documents\Transactive Energy\Community Engagement\doc_strings\tesp\src\tesp_support\tesp_support\dsot\hvac_agent.py,function,set_zipload_forecast,903,present_ok,152
C:\Users\kerb930\Documents\Transactive Energy\Community Engagement\doc_strings\tesp\src\tesp_support\tesp_support\dsot\hvac_agent.py,function,set_temperature,911,present_ok,118
C:\Users\kerb930\Documents\Transactive Energy\Community Engagement\doc_strings\tesp\src\tesp_support\tesp_support\dsot\hvac_agent.py,function,set_humidity,920,present_ok,91
C:\Users\kerb930\Documents\Transactive Energy\Community Engagement\doc_strings\tesp\src\tesp_support\tesp_support\dsot\hvac_agent.py,function,set_solar_direct,930,present_ok,129
C:\Users\kerb930\Documents\Transactive Energy\Community Engagement\doc_strings\tesp\src\tesp_support\tesp_support\dsot\hvac_agent.py,function,set_solar_diffuse,940,present_ok,126
C:\Users\kerb930\Documents\Transactive Energy\Community Engagement\doc_strings\tesp\src\tesp_support\tesp_support\dsot\hvac_agent.py,function,get_solargain,950,present_ok,215
C:\Users\kerb930\Documents\Transactive Energy\Community Engagement\doc_strings\tesp\src\tesp_support\tesp_support\dsot\hvac_agent.py,function,calc_solargain,975,missing,0
C:\Users\kerb930\Documents\Transactive Energy\Community Engagement\doc_strings\tesp\src\tesp_support\tesp_support\dsot\hvac_agent.py,function,calc_solar_flux,995,missing,0
C:\Users\kerb930\Documents\Transactive Energy\Community Engagement\doc_strings\tesp\src\tesp_support\tesp_support\dsot\hvac_agent.py,function,inform_bid,1023,present_ok,96
C:\Users\kerb930\Documents\Transactive Energy\Community Engagement\doc_strings\tesp\src\tesp_support\tesp_support\dsot\hvac_agent.py,function,bid_accepted,1031,present_ok,366
C:\Users\kerb930\Documents\Transactive Energy\Community Engagement\doc_strings\tesp\src\tesp_support\tesp_support\dsot\hvac_agent.py,function,set_time,1251,present_ok,229
C:\Users\kerb930\Documents\Transactive Energy\Community Engagement\doc_strings\tesp\src\tesp_support\tesp_support\dsot\hvac_agent.py,function,change_basepoint,1263,present_ok,223
C:\Users\kerb930\Documents\Transactive Energy\Community Engagement\doc_strings\tesp\src\tesp_support\tesp_support\dsot\hvac_agent.py,function,set_house_load,1310,present_ok,117
C:\Users\kerb930\Documents\Transactive Energy\Community Engagement\doc_strings\tesp\src\tesp_support\tesp_support\dsot\hvac_agent.py,function,set_hvac_load,1323,present_ok,116
C:\Users\kerb930\Documents\Transactive Energy\Community Engagement\doc_strings\tesp\src\tesp_support\tesp_support\dsot\hvac_agent.py,function,set_wh_load,1336,present_ok,114
C:\Users\kerb930\Documents\Transactive Energy\Community Engagement\doc_strings\tesp\src\tesp_support\tesp_support\dsot\hvac_agent.py,function,set_hvac_state,1349,present_ok,98
C:\Users\kerb930\Documents\Transactive Energy\Community Engagement\doc_strings\tesp\src\tesp_support\tesp_support\dsot\hvac_agent.py,function,set_air_temp,1361,present_ok,201
C:\Users\kerb930\Documents\Transactive Energy\Community Engagement\doc_strings\tesp\src\tesp_support\tesp_support\dsot\hvac_agent.py,function,set_voltage,1396,present_ok,106
C:\Users\kerb930\Documents\Transactive Energy\Community Engagement\doc_strings\tesp\src\tesp_support\tesp_support\dsot\hvac_agent.py,function,formulate_bid_rt,1405,present_ok,303
C:\Users\kerb930\Documents\Transactive Energy\Community Engagement\doc_strings\tesp\src\tesp_support\tesp_support\dsot\hvac_agent.py,function,get_uncntrl_hvac_load,1696,missing,0
C:\Users\kerb930\Documents\Transactive Energy\Community Engagement\doc_strings\tesp\src\tesp_support\tesp_support\dsot\hvac_agent.py,function,formulate_bid_da,1738,present_ok,349
C:\Users\kerb930\Documents\Transactive Energy\Community Engagement\doc_strings\tesp\src\tesp_support\tesp_support\dsot\hvac_agent.py,function,get_scheduled_setpt,1805,present_ok,189
C:\Users\kerb930\Documents\Transactive Energy\Community Engagement\doc_strings\tesp\src\tesp_support\tesp_support\dsot\hvac_agent.py,function,DA_model_parameters,1845,present_ok,475
C:\Users\kerb930\Documents\Transactive Energy\Community Engagement\doc_strings\tesp\src\tesp_support\tesp_support\dsot\hvac_agent.py,function,obj_rule,1933,missing,0
C:\Users\kerb930\Documents\Transactive Energy\Community Engagement\doc_strings\tesp\src\tesp_support\tesp_support\dsot\hvac_agent.py,function,con_rule_eq1,1947,missing,0
C:\Users\kerb930\Documents\Transactive Energy\Community Engagement\doc_strings\tesp\src\tesp_support\tesp_support\dsot\hvac_agent.py,function,temp_bound_rule,1965,missing,0
C:\Users\kerb930\Documents\Transactive Energy\Community Engagement\doc_strings\tesp\src\tesp_support\tesp_support\dsot\hvac_agent.py,function,DA_optimal_quantities,1973,present_ok,325
C:\Users\kerb930\Documents\Transactive Energy\Community Engagement\doc_strings\tesp\src\tesp_support\tesp_support\dsot\hvac_agent.py,function,test_function,2089,present_ok,71
C:\Users\kerb930\Documents\Transactive Energy\Community Engagement\doc_strings\tesp\src\tesp_support\tesp_support\dsot\hvac_agent.py,function,set_da_cleared_quantity,2095,present_ok,236
C:\Users\kerb930\Documents\Transactive Energy\Community Engagement\doc_strings\tesp\src\tesp_support\tesp_support\dsot\hvac_agent.py,function,div,796,missing,0
C:\Users\kerb930\Documents\Transactive Energy\Community Engagement\doc_strings\tesp\src\tesp_support\tesp_support\dsot\load_less_solar.py,module,load_less_solar,1,present_ok,483
C:\Users\kerb930\Documents\Transactive Energy\Community Engagement\doc_strings\tesp\src\tesp_support\tesp_support\dsot\load_less_solar.py,function,data,37,missing,0
C:\Users\kerb930\Documents\Transactive Energy\Community Engagement\doc_strings\tesp\src\tesp_support\tesp_support\dsot\load_less_solar.py,class,Mode,50,missing,0
C:\Users\kerb930\Documents\Transactive Energy\Community Engagement\doc_strings\tesp\src\tesp_support\tesp_support\dsot\load_less_solar.py,function,_open_file,55,present_ok,269
C:\Users\kerb930\Documents\Transactive Energy\Community Engagement\doc_strings\tesp\src\tesp_support\tesp_support\dsot\load_less_solar.py,function,parse_DSO_metadata_Excel,77,present_ok,731
C:\Users\kerb930\Documents\Transactive Energy\Community Engagement\doc_strings\tesp\src\tesp_support\tesp_support\dsot\load_less_solar.py,function,read_load_file,143,present_ok,142
C:\Users\kerb930\Documents\Transactive Energy\Community Engagement\doc_strings\tesp\src\tesp_support\tesp_support\dsot\load_less_solar.py,function,write_out_load_file,170,present_ok,192
C:\Users\kerb930\Documents\Transactive Energy\Community Engagement\doc_strings\tesp\src\tesp_support\tesp_support\dsot\load_less_solar.py,function,create_load_less_solar,194,present_ok,1996
C:\Users\kerb930\Documents\Transactive Energy\Community Engagement\doc_strings\tesp\src\tesp_support\tesp_support\dsot\load_less_solar.py,function,create_8_node_load_less_solar,420,present_ok,461
C:\Users\kerb930\Documents\Transactive Energy\Community Engagement\doc_strings\tesp\src\tesp_support\tesp_support\dsot\load_less_solar.py,function,_auto_run,470,present_ok,497
C:\Users\kerb930\Documents\Transactive Energy\Community Engagement\doc_strings\tesp\src\tesp_support\tesp_support\dsot\map_results.py,module,map_results,1,missing,0
C:\Users\kerb930\Documents\Transactive Energy\Community Engagement\doc_strings\tesp\src\tesp_support\tesp_support\dsot\map_results.py,function,bulk_system_map_plot,20,present_ok,127
C:\Users\kerb930\Documents\Transactive Energy\Community Engagement\doc_strings\tesp\src\tesp_support\tesp_support\dsot\plots.py,module,plots,1,missing,0
C:\Users\kerb930\Documents\Transactive Energy\Community Engagement\doc_strings\tesp\src\tesp_support\tesp_support\dsot\plots.py,function,TicTocGenerator,23,missing,0
C:\Users\kerb930\Documents\Transactive Energy\Community Engagement\doc_strings\tesp\src\tesp_support\tesp_support\dsot\plots.py,function,toc,37,missing,0
C:\Users\kerb930\Documents\Transactive Energy\Community Engagement\doc_strings\tesp\src\tesp_support\tesp_support\dsot\plots.py,function,tic,44,missing,0
C:\Users\kerb930\Documents\Transactive Energy\Community Engagement\doc_strings\tesp\src\tesp_support\tesp_support\dsot\plots.py,function,load_json,49,present_ok,350
C:\Users\kerb930\Documents\Transactive Energy\Community Engagement\doc_strings\tesp\src\tesp_support\tesp_support\dsot\plots.py,function,get_date,75,present_ok,82
C:\Users\kerb930\Documents\Transactive Energy\Community Engagement\doc_strings\tesp\src\tesp_support\tesp_support\dsot\plots.py,function,customer_meta_data,84,present_ok,386
C:\Users\kerb930\Documents\Transactive Energy\Community Engagement\doc_strings\tesp\src\tesp_support\tesp_support\dsot\plots.py,function,load_gen_data,179,present_ok,330
C:\Users\kerb930\Documents\Transactive Energy\Community Engagement\doc_strings\tesp\src\tesp_support\tesp_support\dsot\plots.py,function,load_ames_data,307,present_ok,235
C:\Users\kerb930\Documents\Transactive Energy\Community Engagement\doc_strings\tesp\src\tesp_support\tesp_support\dsot\plots.py,function,load_ercot_data,346,present_ok,345
C:\Users\kerb930\Documents\Transactive Energy\Community Engagement\doc_strings\tesp\src\tesp_support\tesp_support\dsot\plots.py,function,load_indust_data,379,present_ok,280
C:\Users\kerb930\Documents\Transactive Energy\Community Engagement\doc_strings\tesp\src\tesp_support\tesp_support\dsot\plots.py,function,load_ercot_fuel_mix,408,present_ok,314
C:\Users\kerb930\Documents\Transactive Energy\Community Engagement\doc_strings\tesp\src\tesp_support\tesp_support\dsot\plots.py,function,load_da_retail_price,437,present_ok,525
C:\Users\kerb930\Documents\Transactive Energy\Community Engagement\doc_strings\tesp\src\tesp_support\tesp_support\dsot\plots.py,function,load_retail_data,476,present_ok,550
C:\Users\kerb930\Documents\Transactive Energy\Community Engagement\doc_strings\tesp\src\tesp_support\tesp_support\dsot\plots.py,function,load_agent_data,526,present_ok,566
C:\Users\kerb930\Documents\Transactive Energy\Community Engagement\doc_strings\tesp\src\tesp_support\tesp_support\dsot\plots.py,function,load_system_data,599,present_ok,570
C:\Users\kerb930\Documents\Transactive Energy\Community Engagement\doc_strings\tesp\src\tesp_support\tesp_support\dsot\plots.py,function,load_surcharge_data,649,missing,0
C:\Users\kerb930\Documents\Transactive Energy\Community Engagement\doc_strings\tesp\src\tesp_support\tesp_support\dsot\plots.py,function,get_house_schedules,690,present_ok,404
C:\Users\kerb930\Documents\Transactive Energy\Community Engagement\doc_strings\tesp\src\tesp_support\tesp_support\dsot\plots.py,function,load_weather_data,761,present_ok,432
C:\Users\kerb930\Documents\Transactive Energy\Community Engagement\doc_strings\tesp\src\tesp_support\tesp_support\dsot\plots.py,function,wind_diff,790,missing,0
C:\Users\kerb930\Documents\Transactive Energy\Community Engagement\doc_strings\tesp\src\tesp_support\tesp_support\dsot\plots.py,function,RCI_analysis,794,present_ok,469
C:\Users\kerb930\Documents\Transactive Energy\Community Engagement\doc_strings\tesp\src\tesp_support\tesp_support\dsot\plots.py,function,DSO_loadprofiles,1074,present_ok,542
C:\Users\kerb930\Documents\Transactive Energy\Community Engagement\doc_strings\tesp\src\tesp_support\tesp_support\dsot\plots.py,function,find_edge_cases,1167,present_ok,626
C:\Users\kerb930\Documents\Transactive Energy\Community Engagement\doc_strings\tesp\src\tesp_support\tesp_support\dsot\plots.py,function,bldg_load_stack,1293,present_ok,642
C:\Users\kerb930\Documents\Transactive Energy\Community Engagement\doc_strings\tesp\src\tesp_support\tesp_support\dsot\plots.py,function,bldg_stack_plot,1408,present_ok,440
C:\Users\kerb930\Documents\Transactive Energy\Community Engagement\doc_strings\tesp\src\tesp_support\tesp_support\dsot\plots.py,function,der_load_stack,1485,present_ok,527
C:\Users\kerb930\Documents\Transactive Energy\Community Engagement\doc_strings\tesp\src\tesp_support\tesp_support\dsot\plots.py,function,der_stack_plot,1597,present_ok,678
C:\Users\kerb930\Documents\Transactive Energy\Community Engagement\doc_strings\tesp\src\tesp_support\tesp_support\dsot\plots.py,function,subscription_plot,1737,present_ok,522
C:\Users\kerb930\Documents\Transactive Energy\Community Engagement\doc_strings\tesp\src\tesp_support\tesp_support\dsot\plots.py,function,daily_load_plots,1829,present_ok,1039
C:\Users\kerb930\Documents\Transactive Energy\Community Engagement\doc_strings\tesp\src\tesp_support\tesp_support\dsot\plots.py,function,load_duration_plot,1908,present_ok,1107
C:\Users\kerb930\Documents\Transactive Energy\Community Engagement\doc_strings\tesp\src\tesp_support\tesp_support\dsot\plots.py,function,dso_comparison_plot,1961,present_ok,938
C:\Users\kerb930\Documents\Transactive Energy\Community Engagement\doc_strings\tesp\src\tesp_support\tesp_support\dsot\plots.py,function,dso_market_plot,2004,present_ok,565
C:\Users\kerb930\Documents\Transactive Energy\Community Engagement\doc_strings\tesp\src\tesp_support\tesp_support\dsot\plots.py,function,dso_forecast_stats,2251,present_ok,557
C:\Users\kerb930\Documents\Transactive Energy\Community Engagement\doc_strings\tesp\src\tesp_support\tesp_support\dsot\plots.py,function,dso_load_stats,2543,present_ok,626
C:\Users\kerb930\Documents\Transactive Energy\Community Engagement\doc_strings\tesp\src\tesp_support\tesp_support\dsot\plots.py,function,non_participating_dso_loads,2756,present_ok,365
C:\Users\kerb930\Documents\Transactive Energy\Community Engagement\doc_strings\tesp\src\tesp_support\tesp_support\dsot\plots.py,function,dso_lmp_stats,2793,present_ok,596
C:\Users\kerb930\Documents\Transactive Energy\Community Engagement\doc_strings\tesp\src\tesp_support\tesp_support\dsot\plots.py,function,plot_lmp_stats,2967,present_ok,373
C:\Users\kerb930\Documents\Transactive Energy\Community Engagement\doc_strings\tesp\src\tesp_support\tesp_support\dsot\plots.py,function,heatmap_plots,3652,present_ok,1015
C:\Users\kerb930\Documents\Transactive Energy\Community Engagement\doc_strings\tesp\src\tesp_support\tesp_support\dsot\plots.py,function,daily_summary_plots,3737,present_ok,1385
C:\Users\kerb930\Documents\Transactive Energy\Community Engagement\doc_strings\tesp\src\tesp_support\tesp_support\dsot\plots.py,function,generation_load_profiles,3818,present_ok,688
C:\Users\kerb930\Documents\Transactive Energy\Community Engagement\doc_strings\tesp\src\tesp_support\tesp_support\dsot\plots.py,function,generation_statistics,3921,present_ok,563
C:\Users\kerb930\Documents\Transactive Energy\Community Engagement\doc_strings\tesp\src\tesp_support\tesp_support\dsot\plots.py,function,transmission_statistics,4087,present_ok,638
C:\Users\kerb930\Documents\Transactive Energy\Community Engagement\doc_strings\tesp\src\tesp_support\tesp_support\dsot\plots.py,function,metadata_dist_plots,4317,present_ok,782
C:\Users\kerb930\Documents\Transactive Energy\Community Engagement\doc_strings\tesp\src\tesp_support\tesp_support\dsot\plots.py,function,amenity_loss,4429,present_ok,529
C:\Users\kerb930\Documents\Transactive Energy\Community Engagement\doc_strings\tesp\src\tesp_support\tesp_support\dsot\plots.py,function,annual_amenity,4560,present_ok,592
C:\Users\kerb930\Documents\Transactive Energy\Community Engagement\doc_strings\tesp\src\tesp_support\tesp_support\dsot\plots.py,function,customer_comparative_analysis,4597,present_ok,839
C:\Users\kerb930\Documents\Transactive Energy\Community Engagement\doc_strings\tesp\src\tesp_support\tesp_support\dsot\plots.py,function,limit_check,4781,present_ok,1070
C:\Users\kerb930\Documents\Transactive Energy\Community Engagement\doc_strings\tesp\src\tesp_support\tesp_support\dsot\plots.py,function,house_check,4854,present_ok,303
C:\Users\kerb930\Documents\Transactive Energy\Community Engagement\doc_strings\tesp\src\tesp_support\tesp_support\dsot\plots.py,function,get_day_df,4968,present_ok,875
C:\Users\kerb930\Documents\Transactive Energy\Community Engagement\doc_strings\tesp\src\tesp_support\tesp_support\dsot\plots.py,function,df_reduction,5005,present_ok,789
C:\Users\kerb930\Documents\Transactive Energy\Community Engagement\doc_strings\tesp\src\tesp_support\tesp_support\dsot\plots.py,function,run_plots,5056,missing,0
C:\Users\kerb930\Documents\Transactive Energy\Community Engagement\doc_strings\tesp\src\tesp_support\tesp_support\dsot\pv_agent.py,module,pv_agent,1,present_ok,145
C:\Users\kerb930\Documents\Transactive Energy\Community Engagement\doc_strings\tesp\src\tesp_support\tesp_support\dsot\pv_agent.py,class,PVDSOT,15,present_ok,795
C:\Users\kerb930\Documents\Transactive Energy\Community Engagement\doc_strings\tesp\src\tesp_support\tesp_support\dsot\pv_agent.py,function,_test,53,present_ok,34
C:\Users\kerb930\Documents\Transactive Energy\Community Engagement\doc_strings\tesp\src\tesp_support\tesp_support\dsot\pv_agent.py,function,__init__,37,missing,0
C:\Users\kerb930\Documents\Transactive Energy\Community Engagement\doc_strings\tesp\src\tesp_support\tesp_support\dsot\pv_agent.py,function,scale_pv_forecast,48,missing,0
C:\Users\kerb930\Documents\Transactive Energy\Community Engagement\doc_strings\tesp\src\tesp_support\tesp_support\dsot\residential_feeder_glm.py,module,residential_feeder_glm,1,present_ok,1447
C:\Users\kerb930\Documents\Transactive Energy\Community Engagement\doc_strings\tesp\src\tesp_support\tesp_support\dsot\residential_feeder_glm.py,function,process_nhts_data,121,present_ok,257
C:\Users\kerb930\Documents\Transactive Energy\Community Engagement\doc_strings\tesp\src\tesp_support\tesp_support\dsot\residential_feeder_glm.py,function,selectEVmodel,152,present_ok,125
C:\Users\kerb930\Documents\Transactive Energy\Community Engagement\doc_strings\tesp\src\tesp_support\tesp_support\dsot\residential_feeder_glm.py,function,match_driving_schedule,166,present_ok,85
C:\Users\kerb930\Documents\Transactive Energy\Community Engagement\doc_strings\tesp\src\tesp_support\tesp_support\dsot\residential_feeder_glm.py,function,is_drive_time_valid,217,present_ok,131
C:\Users\kerb930\Documents\Transactive Energy\Community Engagement\doc_strings\tesp\src\tesp_support\tesp_support\dsot\residential_feeder_glm.py,function,write_solar_inv_settings,235,present_ok,117
C:\Users\kerb930\Documents\Transactive Energy\Community Engagement\doc_strings\tesp\src\tesp_support\tesp_support\dsot\residential_feeder_glm.py,function,write_tariff,273,present_ok,102
C:\Users\kerb930\Documents\Transactive Energy\Community Engagement\doc_strings\tesp\src\tesp_support\tesp_support\dsot\residential_feeder_glm.py,function,getDsoThermalTable,337,missing,0
C:\Users\kerb930\Documents\Transactive Energy\Community Engagement\doc_strings\tesp\src\tesp_support\tesp_support\dsot\residential_feeder_glm.py,function,selectResidentialBuilding,358,present_ok,91
C:\Users\kerb930\Documents\Transactive Energy\Community Engagement\doc_strings\tesp\src\tesp_support\tesp_support\dsot\residential_feeder_glm.py,function,selectSetpointBins,459,present_ok,320
C:\Users\kerb930\Documents\Transactive Energy\Community Engagement\doc_strings\tesp\src\tesp_support\tesp_support\dsot\residential_feeder_glm.py,function,checkResidentialBuildingTable,489,present_ok,65
C:\Users\kerb930\Documents\Transactive Energy\Community Engagement\doc_strings\tesp\src\tesp_support\tesp_support\dsot\residential_feeder_glm.py,function,selectThermalProperties,603,present_ok,237
C:\Users\kerb930\Documents\Transactive Energy\Community Engagement\doc_strings\tesp\src\tesp_support\tesp_support\dsot\residential_feeder_glm.py,function,FindFuseLimit,659,present_ok,519
C:\Users\kerb930\Documents\Transactive Energy\Community Engagement\doc_strings\tesp\src\tesp_support\tesp_support\dsot\residential_feeder_glm.py,function,Find1PhaseXfmrKva,687,present_ok,268
C:\Users\kerb930\Documents\Transactive Energy\Community Engagement\doc_strings\tesp\src\tesp_support\tesp_support\dsot\residential_feeder_glm.py,function,Find3PhaseXfmrKva,706,present_ok,312
C:\Users\kerb930\Documents\Transactive Energy\Community Engagement\doc_strings\tesp\src\tesp_support\tesp_support\dsot\residential_feeder_glm.py,function,Find1PhaseXfmr,726,present_ok,307
C:\Users\kerb930\Documents\Transactive Energy\Community Engagement\doc_strings\tesp\src\tesp_support\tesp_support\dsot\residential_feeder_glm.py,function,Find3PhaseXfmr,743,present_ok,351
C:\Users\kerb930\Documents\Transactive Energy\Community Engagement\doc_strings\tesp\src\tesp_support\tesp_support\dsot\residential_feeder_glm.py,function,is_node_class,791,present_ok,185
C:\Users\kerb930\Documents\Transactive Energy\Community Engagement\doc_strings\tesp\src\tesp_support\tesp_support\dsot\residential_feeder_glm.py,function,is_edge_class,812,present_ok,324
C:\Users\kerb930\Documents\Transactive Energy\Community Engagement\doc_strings\tesp\src\tesp_support\tesp_support\dsot\residential_feeder_glm.py,function,obj,842,present_ok,444
C:\Users\kerb930\Documents\Transactive Energy\Community Engagement\doc_strings\tesp\src\tesp_support\tesp_support\dsot\residential_feeder_glm.py,function,write_config_class,919,present_ok,245
C:\Users\kerb930\Documents\Transactive Energy\Community Engagement\doc_strings\tesp\src\tesp_support\tesp_support\dsot\residential_feeder_glm.py,function,write_link_class,941,present_ok,296
C:\Users\kerb930\Documents\Transactive Energy\Community Engagement\doc_strings\tesp\src\tesp_support\tesp_support\dsot\residential_feeder_glm.py,function,write_local_triplex_configurations,980,present_ok,95
C:\Users\kerb930\Documents\Transactive Energy\Community Engagement\doc_strings\tesp\src\tesp_support\tesp_support\dsot\residential_feeder_glm.py,function,buildingTypeLabel,1007,present_ok,309
C:\Users\kerb930\Documents\Transactive Energy\Community Engagement\doc_strings\tesp\src\tesp_support\tesp_support\dsot\residential_feeder_glm.py,function,connect_ercot_houses,1035,present_ok,360
C:\Users\kerb930\Documents\Transactive Energy\Community Engagement\doc_strings\tesp\src\tesp_support\tesp_support\dsot\residential_feeder_glm.py,function,connect_ercot_commercial,1142,present_ok,166
C:\Users\kerb930\Documents\Transactive Energy\Community Engagement\doc_strings\tesp\src\tesp_support\tesp_support\dsot\residential_feeder_glm.py,function,write_ercot_small_loads,1174,present_ok,243
C:\Users\kerb930\Documents\Transactive Energy\Community Engagement\doc_strings\tesp\src\tesp_support\tesp_support\dsot\residential_feeder_glm.py,function,identify_ercot_houses,1210,present_ok,354
C:\Users\kerb930\Documents\Transactive Energy\Community Engagement\doc_strings\tesp\src\tesp_support\tesp_support\dsot\residential_feeder_glm.py,function,replace_commercial_loads,1280,present_ok,313
C:\Users\kerb930\Documents\Transactive Energy\Community Engagement\doc_strings\tesp\src\tesp_support\tesp_support\dsot\residential_feeder_glm.py,function,identify_xfmr_houses,1404,present_ok,444
C:\Users\kerb930\Documents\Transactive Energy\Community Engagement\doc_strings\tesp\src\tesp_support\tesp_support\dsot\residential_feeder_glm.py,function,write_small_loads,1460,present_ok,217
C:\Users\kerb930\Documents\Transactive Energy\Community Engagement\doc_strings\tesp\src\tesp_support\tesp_support\dsot\residential_feeder_glm.py,function,write_houses,1522,present_ok,224
C:\Users\kerb930\Documents\Transactive Energy\Community Engagement\doc_strings\tesp\src\tesp_support\tesp_support\dsot\residential_feeder_glm.py,function,write_substation,2128,present_ok,362
C:\Users\kerb930\Documents\Transactive Energy\Community Engagement\doc_strings\tesp\src\tesp_support\tesp_support\dsot\residential_feeder_glm.py,function,write_voltage_class,2206,present_ok,512
C:\Users\kerb930\Documents\Transactive Energy\Community Engagement\doc_strings\tesp\src\tesp_support\tesp_support\dsot\residential_feeder_glm.py,function,write_xfmr_config,2329,present_ok,704
C:\Users\kerb930\Documents\Transactive Energy\Community Engagement\doc_strings\tesp\src\tesp_support\tesp_support\dsot\residential_feeder_glm.py,function,log_model,2390,present_ok,132
C:\Users\kerb930\Documents\Transactive Energy\Community Engagement\doc_strings\tesp\src\tesp_support\tesp_support\dsot\residential_feeder_glm.py,function,accumulate_load_kva,2408,present_ok,210
C:\Users\kerb930\Documents\Transactive Energy\Community Engagement\doc_strings\tesp\src\tesp_support\tesp_support\dsot\residential_feeder_glm.py,function,union_of_phases,2439,present_ok,178
C:\Users\kerb930\Documents\Transactive Energy\Community Engagement\doc_strings\tesp\src\tesp_support\tesp_support\dsot\residential_feeder_glm.py,function,ProcessTaxonomyFeeder,2461,present_ok,769
C:\Users\kerb930\Documents\Transactive Energy\Community Engagement\doc_strings\tesp\src\tesp_support\tesp_support\dsot\residential_feeder_glm.py,function,populate_feeder,2909,present_ok,399
C:\Users\kerb930\Documents\Transactive Energy\Community Engagement\doc_strings\tesp\src\tesp_support\tesp_support\dsot\residential_feeder_glm.py,function,populate_all_feeders,3063,present_ok,99
C:\Users\kerb930\Documents\Transactive Energy\Community Engagement\doc_strings\tesp\src\tesp_support\tesp_support\dsot\retail_market.py,module,retail_market,1,present_ok,833
C:\Users\kerb930\Documents\Transactive Energy\Community Engagement\doc_strings\tesp\src\tesp_support\tesp_support\dsot\retail_market.py,class,RetailMarket,39,present_ok,3253
C:\Users\kerb930\Documents\Transactive Energy\Community Engagement\doc_strings\tesp\src\tesp_support\tesp_support\dsot\retail_market.py,function,test,735,present_short,12
C:\Users\kerb930\Documents\Transactive Energy\Community Engagement\doc_strings\tesp\src\tesp_support\tesp_support\dsot\retail_market.py,function,__init__,95,present_short,21
C:\Users\kerb930\Documents\Transactive Energy\Community Engagement\doc_strings\tesp\src\tesp_support\tesp_support\dsot\retail_market.py,function,clean_bids_RT,169,present_ok,31
C:\Users\kerb930\Documents\Transactive Energy\Community Engagement\doc_strings\tesp\src\tesp_support\tesp_support\dsot\retail_market.py,function,clean_bids_DA,185,present_ok,31
C:\Users\kerb930\Documents\Transactive Energy\Community Engagement\doc_strings\tesp\src\tesp_support\tesp_support\dsot\retail_market.py,function,curve_aggregator_RT,202,present_ok,341
C:\Users\kerb930\Documents\Transactive Energy\Community Engagement\doc_strings\tesp\src\tesp_support\tesp_support\dsot\retail_market.py,function,curve_aggregator_DA,216,present_ok,361
C:\Users\kerb930\Documents\Transactive Energy\Community Engagement\doc_strings\tesp\src\tesp_support\tesp_support\dsot\retail_market.py,function,clear_market,232,present_ok,627
C:\Users\kerb930\Documents\Transactive Energy\Community Engagement\doc_strings\tesp\src\tesp_support\tesp_support\dsot\retail_market.py,function,clear_market_RT,420,present_ok,556
C:\Users\kerb930\Documents\Transactive Energy\Community Engagement\doc_strings\tesp\src\tesp_support\tesp_support\dsot\retail_market.py,function,clear_market_DA,433,present_ok,605
C:\Users\kerb930\Documents\Transactive Energy\Community Engagement\doc_strings\tesp\src\tesp_support\tesp_support\dsot\retail_market.py,function,update_price_CA,452,present_short,20
C:\Users\kerb930\Documents\Transactive Energy\Community Engagement\doc_strings\tesp\src\tesp_support\tesp_support\dsot\retail_market.py,function,test_function,463,present_ok,71
C:\Users\kerb930\Documents\Transactive Energy\Community Engagement\doc_strings\tesp\src\tesp_support\tesp_support\dsot\retail_market.py,function,curve_aggregator_AMES_RT,470,present_ok,433
C:\Users\kerb930\Documents\Transactive Energy\Community Engagement\doc_strings\tesp\src\tesp_support\tesp_support\dsot\retail_market.py,function,curve_aggregator_AMES_DA,498,present_ok,451
C:\Users\kerb930\Documents\Transactive Energy\Community Engagement\doc_strings\tesp\src\tesp_support\tesp_support\dsot\retail_market.py,function,curve_preprocess,531,present_ok,506
C:\Users\kerb930\Documents\Transactive Energy\Community Engagement\doc_strings\tesp\src\tesp_support\tesp_support\dsot\retail_market.py,function,retail_rate_inverse,561,present_ok,218
C:\Users\kerb930\Documents\Transactive Energy\Community Engagement\doc_strings\tesp\src\tesp_support\tesp_support\dsot\retail_market.py,function,convert_2_AMES_quadratic_BID,573,present_ok,791
C:\Users\kerb930\Documents\Transactive Energy\Community Engagement\doc_strings\tesp\src\tesp_support\tesp_support\dsot\retail_market.py,function,process_site_da_quantities,719,present_ok,361
C:\Users\kerb930\Documents\Transactive Energy\Community Engagement\doc_strings\tesp\src\tesp_support\tesp_support\dsot\sankey.py,module,sankey,1,missing,0
C:\Users\kerb930\Documents\Transactive Energy\Community Engagement\doc_strings\tesp\src\tesp_support\tesp_support\dsot\sankey.py,function,rec_diff,54,missing,0
C:\Users\kerb930\Documents\Transactive Energy\Community Engagement\doc_strings\tesp\src\tesp_support\tesp_support\dsot\sankey.py,function,label_nodes,64,present_ok,45
C:\Users\kerb930\Documents\Transactive Energy\Community Engagement\doc_strings\tesp\src\tesp_support\tesp_support\dsot\sankey.py,function,load_CFS_data,83,present_ok,737
C:\Users\kerb930\Documents\Transactive Energy\Community Engagement\doc_strings\tesp\src\tesp_support\tesp_support\dsot\sankey.py,function,load_CFS_delta_data,311,present_ok,820
C:\Users\kerb930\Documents\Transactive Energy\Community Engagement\doc_strings\tesp\src\tesp_support\tesp_support\dsot\sankey.py,function,load_energy_data,422,present_ok,839
C:\Users\kerb930\Documents\Transactive Energy\Community Engagement\doc_strings\tesp\src\tesp_support\tesp_support\dsot\sankey.py,function,sankey_plot,574,missing,0
C:\Users\kerb930\Documents\Transactive Energy\Community Engagement\doc_strings\tesp\src\tesp_support\tesp_support\dsot\solar.py,module,solar,1,present_ok,1944
C:\Users\kerb930\Documents\Transactive Energy\Community Engagement\doc_strings\tesp\src\tesp_support\tesp_support\dsot\solar.py,function,truncate,71,present_ok,304
C:\Users\kerb930\Documents\Transactive Energy\Community Engagement\doc_strings\tesp\src\tesp_support\tesp_support\dsot\solar.py,function,_open_file,90,present_ok,267
C:\Users\kerb930\Documents\Transactive Energy\Community Engagement\doc_strings\tesp\src\tesp_support\tesp_support\dsot\solar.py,function,parse_solar_metadata,107,present_ok,237
C:\Users\kerb930\Documents\Transactive Energy\Community Engagement\doc_strings\tesp\src\tesp_support\tesp_support\dsot\solar.py,function,_create_200_node_csv_file_and_headers,125,present_ok,355
C:\Users\kerb930\Documents\Transactive Energy\Community Engagement\doc_strings\tesp\src\tesp_support\tesp_support\dsot\solar.py,function,_add_extra_days_to_hourly,157,present_ok,561
C:\Users\kerb930\Documents\Transactive Energy\Community Engagement\doc_strings\tesp\src\tesp_support\tesp_support\dsot\solar.py,function,parse_DSO_metadata_Excel,214,present_ok,475
C:\Users\kerb930\Documents\Transactive Energy\Community Engagement\doc_strings\tesp\src\tesp_support\tesp_support\dsot\solar.py,function,parse_DSO_metadata_Excel_JSON,276,present_ok,1004
C:\Users\kerb930\Documents\Transactive Energy\Community Engagement\doc_strings\tesp\src\tesp_support\tesp_support\dsot\solar.py,function,build_dso_solar_folders,361,present_ok,244
C:\Users\kerb930\Documents\Transactive Energy\Community Engagement\doc_strings\tesp\src\tesp_support\tesp_support\dsot\solar.py,function,add_locations,380,present_ok,997
C:\Users\kerb930\Documents\Transactive Energy\Community Engagement\doc_strings\tesp\src\tesp_support\tesp_support\dsot\solar.py,function,generate_KML,504,present_ok,261
C:\Users\kerb930\Documents\Transactive Energy\Community Engagement\doc_strings\tesp\src\tesp_support\tesp_support\dsot\solar.py,function,download_nsrdb_data,579,present_ok,854
C:\Users\kerb930\Documents\Transactive Energy\Community Engagement\doc_strings\tesp\src\tesp_support\tesp_support\dsot\solar.py,function,calc_solarPV_power,717,present_ok,775
C:\Users\kerb930\Documents\Transactive Energy\Community Engagement\doc_strings\tesp\src\tesp_support\tesp_support\dsot\solar.py,function,write_power_profile,795,present_ok,309
C:\Users\kerb930\Documents\Transactive Energy\Community Engagement\doc_strings\tesp\src\tesp_support\tesp_support\dsot\solar.py,function,calc_dso_solar_fraction,811,present_ok,624
C:\Users\kerb930\Documents\Transactive Energy\Community Engagement\doc_strings\tesp\src\tesp_support\tesp_support\dsot\solar.py,function,aggregate_scale_solar_pv_profiles,835,present_ok,1030
C:\Users\kerb930\Documents\Transactive Energy\Community Engagement\doc_strings\tesp\src\tesp_support\tesp_support\dsot\solar.py,function,aggregate_to_8_nodes,932,present_ok,801
C:\Users\kerb930\Documents\Transactive Energy\Community Engagement\doc_strings\tesp\src\tesp_support\tesp_support\dsot\solar.py,function,_calc_hours,1048,present_ok,521
C:\Users\kerb930\Documents\Transactive Energy\Community Engagement\doc_strings\tesp\src\tesp_support\tesp_support\dsot\solar.py,function,create_graphs,1068,present_ok,484
C:\Users\kerb930\Documents\Transactive Energy\Community Engagement\doc_strings\tesp\src\tesp_support\tesp_support\dsot\solar.py,function,forecast_cleanup,1161,present_ok,953
C:\Users\kerb930\Documents\Transactive Energy\Community Engagement\doc_strings\tesp\src\tesp_support\tesp_support\dsot\solar.py,function,create_hourly_solar_forecast,1198,present_ok,904
C:\Users\kerb930\Documents\Transactive Energy\Community Engagement\doc_strings\tesp\src\tesp_support\tesp_support\dsot\solar.py,function,create_GLD_files,1402,present_ok,984
C:\Users\kerb930\Documents\Transactive Energy\Community Engagement\doc_strings\tesp\src\tesp_support\tesp_support\dsot\solar.py,function,create_dsot_utility_solar_file,1483,present_ok,966
C:\Users\kerb930\Documents\Transactive Energy\Community Engagement\doc_strings\tesp\src\tesp_support\tesp_support\dsot\solar.py,function,_five_minute_interpolation,1608,missing,0
C:\Users\kerb930\Documents\Transactive Energy\Community Engagement\doc_strings\tesp\src\tesp_support\tesp_support\dsot\solar.py,function,log_metdata,1620,missing,0
C:\Users\kerb930\Documents\Transactive Energy\Community Engagement\doc_strings\tesp\src\tesp_support\tesp_support\dsot\solar.py,function,generate_forecast_metrics,1631,present_ok,164
C:\Users\kerb930\Documents\Transactive Energy\Community Engagement\doc_strings\tesp\src\tesp_support\tesp_support\dsot\solar.py,function,_auto_run,1683,present_ok,860
C:\Users\kerb930\Documents\Transactive Energy\Community Engagement\doc_strings\tesp\src\tesp_support\tesp_support\dsot\solar.py,function,_add_error,1244,missing,0
C:\Users\kerb930\Documents\Transactive Energy\Community Engagement\doc_strings\tesp\src\tesp_support\tesp_support\dsot\substation.py,module,substation,1,present_ok,139
C:\Users\kerb930\Documents\Transactive Energy\Community Engagement\doc_strings\tesp\src\tesp_support\tesp_support\dsot\substation.py,function,inner_substation_loop,32,present_ok,270
C:\Users\kerb930\Documents\Transactive Energy\Community Engagement\doc_strings\tesp\src\tesp_support\tesp_support\dsot\substation.py,function,dso_loop,1998,present_ok,152
C:\Users\kerb930\Documents\Transactive Energy\Community Engagement\doc_strings\tesp\src\tesp_support\tesp_support\dsot\substation.py,function,publish,41,missing,0
C:\Users\kerb930\Documents\Transactive Energy\Community Engagement\doc_strings\tesp\src\tesp_support\tesp_support\dsot\substation.py,function,worker,59,missing,0
C:\Users\kerb930\Documents\Transactive Energy\Community Engagement\doc_strings\tesp\src\tesp_support\tesp_support\dsot\substation.py,function,timing,66,missing,0
C:\Users\kerb930\Documents\Transactive Energy\Community Engagement\doc_strings\tesp\src\tesp_support\tesp_support\dsot\substation_f.py,module,substation_f,1,present_ok,141
C:\Users\kerb930\Documents\Transactive Energy\Community Engagement\doc_strings\tesp\src\tesp_support\tesp_support\dsot\substation_f.py,function,inner_substation_loop,32,present_ok,354
C:\Users\kerb930\Documents\Transactive Energy\Community Engagement\doc_strings\tesp\src\tesp_support\tesp_support\dsot\substation_f.py,function,dso_loop_f,1968,present_ok,152
C:\Users\kerb930\Documents\Transactive Energy\Community Engagement\doc_strings\tesp\src\tesp_support\tesp_support\dsot\substation_f.py,function,worker,43,missing,0
C:\Users\kerb930\Documents\Transactive Energy\Community Engagement\doc_strings\tesp\src\tesp_support\tesp_support\dsot\substation_f.py,function,timing,50,missing,0
C:\Users\kerb930\Documents\Transactive Energy\Community Engagement\doc_strings\tesp\src\tesp_support\tesp_support\dsot\tesp_monitor.py,module,tesp_monitor,1,present_ok,1488
C:\Users\kerb930\Documents\Transactive Energy\Community Engagement\doc_strings\tesp\src\tesp_support\tesp_support\dsot\tesp_monitor.py,class,TespMonitorJSON,57,present_ok,651
C:\Users\kerb930\Documents\Transactive Energy\Community Engagement\doc_strings\tesp\src\tesp_support\tesp_support\dsot\tesp_monitor.py,class,TespMonitorGUI,166,present_ok,3324
C:\Users\kerb930\Documents\Transactive Energy\Community Engagement\doc_strings\tesp\src\tesp_support\tesp_support\dsot\tesp_monitor.py,function,show_tesp_monitor,858,present_ok,36
C:\Users\kerb930\Documents\Transactive Energy\Community Engagement\doc_strings\tesp\src\tesp_support\tesp_support\dsot\tesp_monitor.py,function,write_monitor,76,present_ok,224
C:\Users\kerb930\Documents\Transactive Energy\Community Engagement\doc_strings\tesp\src\tesp_support\tesp_support\dsot\tesp_monitor.py,function,__init__,228,missing,0
C:\Users\kerb930\Documents\Transactive Energy\Community Engagement\doc_strings\tesp\src\tesp_support\tesp_support\dsot\tesp_monitor.py,function,reset_plot,273,missing,0
C:\Users\kerb930\Documents\Transactive Energy\Community Engagement\doc_strings\tesp\src\tesp_support\tesp_support\dsot\tesp_monitor.py,function,on_closing,333,present_ok,253
C:\Users\kerb930\Documents\Transactive Energy\Community Engagement\doc_strings\tesp\src\tesp_support\tesp_support\dsot\tesp_monitor.py,function,Quit,343,present_ok,66
C:\Users\kerb930\Documents\Transactive Energy\Community Engagement\doc_strings\tesp\src\tesp_support\tesp_support\dsot\tesp_monitor.py,function,OpenConfig,352,present_ok,91
C:\Users\kerb930\Documents\Transactive Energy\Community Engagement\doc_strings\tesp\src\tesp_support\tesp_support\dsot\tesp_monitor.py,function,start_all,389,missing,0
C:\Users\kerb930\Documents\Transactive Energy\Community Engagement\doc_strings\tesp\src\tesp_support\tesp_support\dsot\tesp_monitor.py,function,kill_all,395,present_ok,68
C:\Users\kerb930\Documents\Transactive Energy\Community Engagement\doc_strings\tesp\src\tesp_support\tesp_support\dsot\tesp_monitor.py,function,expand_limits,435,present_ok,363
C:\Users\kerb930\Documents\Transactive Energy\Community Engagement\doc_strings\tesp\src\tesp_support\tesp_support\dsot\tesp_monitor.py,function,update_plots_f,455,present_ok,480
C:\Users\kerb930\Documents\Transactive Energy\Community Engagement\doc_strings\tesp\src\tesp_support\tesp_support\dsot\tesp_monitor.py,function,launch_all_f,554,present_ok,71
C:\Users\kerb930\Documents\Transactive Energy\Community Engagement\doc_strings\tesp\src\tesp_support\tesp_support\dsot\tesp_monitor.py,function,update_plots,605,present_ok,485
C:\Users\kerb930\Documents\Transactive Energy\Community Engagement\doc_strings\tesp\src\tesp_support\tesp_support\dsot\tesp_monitor.py,function,launch_all,763,present_ok,86
C:\Users\kerb930\Documents\Transactive Energy\Community Engagement\doc_strings\tesp\src\tesp_support\tesp_support\dsot\tesp_monitor.py,function,wait_port,789,missing,0
C:\Users\kerb930\Documents\Transactive Energy\Community Engagement\doc_strings\tesp\src\tesp_support\tesp_support\dsot\tou.py,module,tou,1,missing,0
C:\Users\kerb930\Documents\Transactive Energy\Community Engagement\doc_strings\tesp\src\tesp_support\tesp_support\dsot\tou.py,function,time_of_use_price_profile,12,present_ok,1052
C:\Users\kerb930\Documents\Transactive Energy\Community Engagement\doc_strings\tesp\src\tesp_support\tesp_support\dsot\tou.py,function,main,95,missing,0
C:\Users\kerb930\Documents\Transactive Energy\Community Engagement\doc_strings\tesp\src\tesp_support\tesp_support\dsot\water_heater_agent.py,module,water_heater_agent,1,present_ok,595
C:\Users\kerb930\Documents\Transactive Energy\Community Engagement\doc_strings\tesp\src\tesp_support\tesp_support\dsot\water_heater_agent.py,class,WaterHeaterDSOT,32,present_ok,5509
C:\Users\kerb930\Documents\Transactive Energy\Community Engagement\doc_strings\tesp\src\tesp_support\tesp_support\dsot\water_heater_agent.py,function,test,1240,missing,0
C:\Users\kerb930\Documents\Transactive Energy\Community Engagement\doc_strings\tesp\src\tesp_support\tesp_support\dsot\water_heater_agent.py,function,__init__,115,present_short,21
C:\Users\kerb930\Documents\Transactive Energy\Community Engagement\doc_strings\tesp\src\tesp_support\tesp_support\dsot\water_heater_agent.py,function,update_WH_his,341,present_ok,211
C:\Users\kerb930\Documents\Transactive Energy\Community Engagement\doc_strings\tesp\src\tesp_support\tesp_support\dsot\water_heater_agent.py,function,estimate_wd_rate_5min,437,present_ok,111
C:\Users\kerb930\Documents\Transactive Energy\Community Engagement\doc_strings\tesp\src\tesp_support\tesp_support\dsot\water_heater_agent.py,function,set_price_forecast,460,present_ok,143
C:\Users\kerb930\Documents\Transactive Energy\Community Engagement\doc_strings\tesp\src\tesp_support\tesp_support\dsot\water_heater_agent.py,function,set_forecasted_schedule,469,present_ok,176
C:\Users\kerb930\Documents\Transactive Energy\Community Engagement\doc_strings\tesp\src\tesp_support\tesp_support\dsot\water_heater_agent.py,function,formulate_bid_da,488,present_ok,337
C:\Users\kerb930\Documents\Transactive Energy\Community Engagement\doc_strings\tesp\src\tesp_support\tesp_support\dsot\water_heater_agent.py,function,get_uncntrl_wh_load,555,present_ok,187
C:\Users\kerb930\Documents\Transactive Energy\Community Engagement\doc_strings\tesp\src\tesp_support\tesp_support\dsot\water_heater_agent.py,function,obj_rule,579,missing,0
C:\Users\kerb930\Documents\Transactive Energy\Community Engagement\doc_strings\tesp\src\tesp_support\tesp_support\dsot\water_heater_agent.py,function,con_rule_ine1,592,missing,0
C:\Users\kerb930\Documents\Transactive Energy\Community Engagement\doc_strings\tesp\src\tesp_support\tesp_support\dsot\water_heater_agent.py,function,con_rule_eq1,596,missing,0
C:\Users\kerb930\Documents\Transactive Energy\Community Engagement\doc_strings\tesp\src\tesp_support\tesp_support\dsot\water_heater_agent.py,function,DA_optimal_quantities,629,present_ok,288
C:\Users\kerb930\Documents\Transactive Energy\Community Engagement\doc_strings\tesp\src\tesp_support\tesp_support\dsot\water_heater_agent.py,function,delta_SOHC_model_hour,695,present_ok,174
C:\Users\kerb930\Documents\Transactive Energy\Community Engagement\doc_strings\tesp\src\tesp_support\tesp_support\dsot\water_heater_agent.py,function,delta_SOHC_model_5min,722,present_ok,166
C:\Users\kerb930\Documents\Transactive Energy\Community Engagement\doc_strings\tesp\src\tesp_support\tesp_support\dsot\water_heater_agent.py,function,formulate_bid_rt,745,present_ok,418
C:\Users\kerb930\Documents\Transactive Energy\Community Engagement\doc_strings\tesp\src\tesp_support\tesp_support\dsot\water_heater_agent.py,function,inform_bid_da,945,present_ok,238
C:\Users\kerb930\Documents\Transactive Energy\Community Engagement\doc_strings\tesp\src\tesp_support\tesp_support\dsot\water_heater_agent.py,function,inform_bid_rt,955,present_ok,237
C:\Users\kerb930\Documents\Transactive Energy\Community Engagement\doc_strings\tesp\src\tesp_support\tesp_support\dsot\water_heater_agent.py,function,bid_accepted,964,present_ok,378
C:\Users\kerb930\Documents\Transactive Energy\Community Engagement\doc_strings\tesp\src\tesp_support\tesp_support\dsot\water_heater_agent.py,function,set_time,1041,present_ok,167
C:\Users\kerb930\Documents\Transactive Energy\Community Engagement\doc_strings\tesp\src\tesp_support\tesp_support\dsot\water_heater_agent.py,function,set_wh_lower_temperature,1051,present_ok,215
C:\Users\kerb930\Documents\Transactive Energy\Community Engagement\doc_strings\tesp\src\tesp_support\tesp_support\dsot\water_heater_agent.py,function,set_wh_upper_temperature,1074,present_ok,215
C:\Users\kerb930\Documents\Transactive Energy\Community Engagement\doc_strings\tesp\src\tesp_support\tesp_support\dsot\water_heater_agent.py,function,set_wh_lower_state,1097,present_ok,107
C:\Users\kerb930\Documents\Transactive Energy\Community Engagement\doc_strings\tesp\src\tesp_support\tesp_support\dsot\water_heater_agent.py,function,set_wh_upper_state,1117,present_ok,107
C:\Users\kerb930\Documents\Transactive Energy\Community Engagement\doc_strings\tesp\src\tesp_support\tesp_support\dsot\water_heater_agent.py,function,set_wh_wd_rate_val,1137,present_ok,109
C:\Users\kerb930\Documents\Transactive Energy\Community Engagement\doc_strings\tesp\src\tesp_support\tesp_support\dsot\water_heater_agent.py,function,set_wh_load,1154,present_ok,124
C:\Users\kerb930\Documents\Transactive Energy\Community Engagement\doc_strings\tesp\src\tesp_support\tesp_support\dsot\water_heater_agent.py,function,from_P_to_Q_WH,1166,present_ok,261
C:\Users\kerb930\Documents\Transactive Energy\Community Engagement\doc_strings\tesp\src\tesp_support\tesp_support\dsot\water_heater_agent.py,function,set_air_temp,1190,present_ok,201
C:\Users\kerb930\Documents\Transactive Energy\Community Engagement\doc_strings\tesp\src\tesp_support\tesp_support\dsot\water_heater_agent.py,function,test_function,1199,present_ok,71
C:\Users\kerb930\Documents\Transactive Energy\Community Engagement\doc_strings\tesp\src\tesp_support\tesp_support\dsot\water_heater_agent.py,function,set_da_cleared_quantity,1205,present_ok,236
C:\Users\kerb930\Documents\Transactive Energy\Community Engagement\doc_strings\tesp\src\tesp_support\tesp_support\dsot\Wh_Energy_Purchases.py,module,Wh_Energy_Purchases,1,present_ok,398
C:\Users\kerb930\Documents\Transactive Energy\Community Engagement\doc_strings\tesp\src\tesp_support\tesp_support\dsot\Wh_Energy_Purchases.py,function,load_hourly_data,22,present_ok,367
C:\Users\kerb930\Documents\Transactive Energy\Community Engagement\doc_strings\tesp\src\tesp_support\tesp_support\dsot\Wh_Energy_Purchases.py,function,load_realtime_data,56,present_ok,373
C:\Users\kerb930\Documents\Transactive Energy\Community Engagement\doc_strings\tesp\src\tesp_support\tesp_support\dsot\Wh_Energy_Purchases.py,function,load_price_data,97,present_ok,434
C:\Users\kerb930\Documents\Transactive Energy\Community Engagement\doc_strings\tesp\src\tesp_support\tesp_support\dsot\Wh_Energy_Purchases.py,function,Wh_Energy_Purchases,145,present_ok,1154
C:\Users\kerb930\Documents\Transactive Energy\Community Engagement\doc_strings\tesp\src\tesp_support\tesp_support\dsot\wind_gen_year.py,module,wind_gen_year,1,present_ok,592
C:\Users\kerb930\Documents\Transactive Energy\Community Engagement\doc_strings\tesp\src\tesp_support\tesp_support\dsot\wind_gen_year.py,function,make_wind_plants,25,missing,0
C:\Users\kerb930\Documents\Transactive Energy\Community Engagement\doc_strings\tesp\src\tesp_support\tesp_support\dsot\wind_gen_year.py,function,generate_wind_data_24hr,63,missing,0
C:\Users\kerb930\Documents\Transactive Energy\Community Engagement\doc_strings\tesp\src\tesp_support\tesp_support\dsot\wind_gen_year.py,function,test,95,missing,0
