seconds,Bus1,Bus2,Bus3,Bus4,Bus5,Bus6,Bus7,Bus8
0,2324.628814,3657.145492,58.86372951,1260.801761,1757.070279,179.8239982,682.6727004,15.72290528
300,2324.628814,3657.145492,58.86372951,1260.801761,1757.070279,179.8239982,682.6727004,15.72290528
