{
  "version": "2",
  "baseMVA": 100.0,
  "areas": [],
  "bus": [
    [
      1,
      1,
      8487.1225,
      4110.501033216697,
      0,
      0,
      1,
      1.0,
      0.0,
      10.0,
      1,
      1.05,
      0.95
    ],
    [
      2,
      3,
      10609.499,
      5138.414886955092,
      0,
      0,
      1,
      1.0,
      0.0,
      10.0,
      1,
      1.05,
      0.95
    ],
    [
      3,
      1,
      -2089.9889,
      -1012.227823135748,
      0,
      0,
      1,
      1.0,
      0.0,
      10.0,
      1,
      1.05,
      0.95
    ],
    [
      4,
      1,
      -5853.4655,
      -2834.962731555753,
      0,
      0,
      1,
      1.0,
      0.0,
      10.0,
      1,
      1.05,
      0.95
    ],
    [
      5,
      1,
      4994.6231,
      2419.00637266376,
      0,
      0,
      1,
      1.0,
      0.0,
      10.0,
      1,
      1.05,
      0.95
    ],
    [
      7,
      1,
      809.268,
      391.9463811379193,
      0,
      0,
      1,
      1.0,
      0.0,
      10.0,
      1,
      1.05,
      0.95
    ],
    [
      6,
      1,
      89.9657,
      43.57237718721079,
      0,
      0,
      1,
      1.0,
      0.0,
      10.0,
      1,
      1.05,
      0.95
    ],
    [
      8,
      1,
      89.5935,
      43.392112499790144,
      0,
      0,
      1,
      1.0,
      0.0,
      10.0,
      1,
      1.05,
      0.95
    ]
  ],
  "gen": [
    [
      1,
      0,
      0,
      19978.8,
      -19978.8,
      1.0,
      19978.8,
      1,
      19978.8,
      0.0,
      0,
      0,
      0,
      0,
      0,
      0,
      0,
      0,
      0,
      0
    ],
    [
      1,
      0,
      0,
      11664.8,
      -11664.8,
      1.0,
      11664.8,
      1,
      11664.8,
      0.0,
      0,
      0,
      0,
      0,
      0,
      0,
      0,
      0,
      0,
      0
    ],
    [
      1,
      0,
      0,
      2430.0,
      -2430.0,
      1.0,
      2430.0,
      1,
      2430.0,
      0.0,
      0,
      0,
      0,
      0,
      0,
      0,
      0,
      0,
      0,
      0
    ],
    [
      2,
      0,
      0,
      20761.69,
      -20761.69,
      1.0,
      20761.69,
      1,
      20761.69,
      0.0,
      0,
      0,
      0,
      0,
      0,
      0,
      0,
      0,
      0,
      0
    ],
    [
      2,
      0,
      0,
      3190.3,
      -3190.3,
      1.0,
      3190.3,
      1,
      3190.3,
      0.0,
      0,
      0,
      0,
      0,
      0,
      0,
      0,
      0,
      0,
      0
    ],
    [
      2,
      0,
      0,
      2708.6,
      -2708.6,
      1.0,
      2708.6,
      1,
      2708.6,
      0.0,
      0,
      0,
      0,
      0,
      0,
      0,
      0,
      0,
      0,
      0
    ],
    [
      3,
      0,
      0,
      80.0,
      -80.0,
      1.0,
      80.0,
      1,
      80.0,
      0.0,
      0,
      0,
      0,
      0,
      0,
      0,
      0,
      0,
      0,
      0
    ],
    [
      3,
      0,
      0,
      720.0,
      -720.0,
      1.0,
      720.0,
      1,
      720.0,
      0.0,
      0,
      0,
      0,
      0,
      0,
      0,
      0,
      0,
      0,
      0
    ],
    [
      4,
      0,
      0,
      3438.2,
      -3438.2,
      1.0,
      3438.2,
      1,
      3438.2,
      0.0,
      0,
      0,
      0,
      0,
      0,
      0,
      0,
      0,
      0,
      0
    ],
    [
      5,
      0,
      0,
      10589.7,
      -10589.7,
      1.0,
      10589.7,
      1,
      10589.7,
      0.0,
      0,
      0,
      0,
      0,
      0,
      0,
      0,
      0,
      0,
      0
    ],
    [
      5,
      0,
      0,
      5728.1,
      -5728.1,
      1.0,
      5728.1,
      1,
      5728.1,
      0.0,
      0,
      0,
      0,
      0,
      0,
      0,
      0,
      0,
      0,
      0
    ],
    [
      7,
      0,
      0,
      7385.0,
      -7385.0,
      1.0,
      7385.0,
      1,
      7385.0,
      0.0,
      0,
      0,
      0,
      0,
      0,
      0,
      0,
      0,
      0,
      0
    ],
    [
      7,
      0,
      0,
      622.4,
      -622.4,
      1.0,
      622.4,
      1,
      622.4,
      0.0,
      0,
      0,
      0,
      0,
      0,
      0,
      0,
      0,
      0,
      0
    ]
  ],
  "branch": [
    [
      1,
      2,
      0,
      24.46248,
      0,
      5000.0,
      0,
      0,
      1,
      0,
      1,
      -360,
      360
    ],
    [
      1,
      3,
      0,
      25.1204,
      0,
      5000.0,
      0,
      0,
      1,
      0,
      1,
      -360,
      360
    ],
    [
      1,
      4,
      0,
      31.2961,
      0,
      5000.0,
      0,
      0,
      1,
      0,
      1,
      -360,
      360
    ],
    [
      1,
      5,
      0,
      23.23848,
      0,
      5000.0,
      0,
      0,
      1,
      0,
      1,
      -360,
      360
    ],
    [
      2,
      5,
      0,
      17.55036,
      0,
      5000.0,
      0,
      0,
      1,
      0,
      1,
      -360,
      360
    ],
    [
      2,
      7,
      0,
      24.687,
      0,
      5000.0,
      0,
      0,
      1,
      0,
      1,
      -360,
      360
    ],
    [
      3,
      4,
      0,
      17.44668,
      0,
      5000.0,
      0,
      0,
      1,
      0,
      1,
      -360,
      360
    ],
    [
      4,
      5,
      0,
      29.56264,
      0,
      5000.0,
      0,
      0,
      1,
      0,
      1,
      -360,
      360
    ],
    [
      4,
      6,
      0,
      23.74966,
      0,
      5000.0,
      0,
      0,
      1,
      0,
      1,
      -360,
      360
    ],
    [
      4,
      8,
      0,
      25.37782,
      0,
      5000.0,
      0,
      0,
      1,
      0,
      1,
      -360,
      360
    ],
    [
      5,
      6,
      0,
      16.83174,
      0,
      5000.0,
      0,
      0,
      1,
      0,
      1,
      -360,
      360
    ],
    [
      5,
      7,
      0,
      19.73238,
      0,
      5000.0,
      0,
      0,
      1,
      0,
      1,
      -360,
      360
    ],
    [
      6,
      7,
      0,
      23.6198,
      0,
      5000.0,
      0,
      0,
      1,
      0,
      1,
      -360,
      360
    ]
  ],
  "gencost": [
    [
      2,
      10000.0,
      0,
      3,
      0.005,
      40.0,
      0.0
    ],
    [
      2,
      10000.0,
      0,
      3,
      0.005,
      19.0,
      0.0
    ],
    [
      2,
      10000.0,
      0,
      3,
      0.0002,
      8.0,
      0.0
    ],
    [
      2,
      10000.0,
      0,
      3,
      0.005,
      40.0,
      0.0
    ],
    [
      2,
      10000.0,
      0,
      3,
      0.005,
      19.0,
      0.0
    ],
    [
      2,
      10000.0,
      0,
      3,
      0.0002,
      8.0,
      0.0
    ],
    [
      2,
      10000.0,
      0,
      3,
      0.005,
      40.0,
      0.0
    ],
    [
      2,
      10000.0,
      0,
      3,
      0.005,
      19.0,
      0.0
    ],
    [
      2,
      10000.0,
      0,
      3,
      0.005,
      40.0,
      0.0
    ],
    [
      2,
      10000.0,
      0,
      3,
      0.005,
      40.0,
      0.0
    ],
    [
      2,
      10000.0,
      0,
      3,
      0.005,
      19.0,
      0.0
    ],
    [
      2,
      10000.0,
      0,
      3,
      0.005,
      40.0,
      0.0
    ],
    [
      2,
      10000.0,
      0,
      3,
      0.005,
      19.0,
      0.0
    ]
  ],
  "DSO": [
    [
      7,
      "SUBSTATION7",
      400.0,
      "0.0"
    ]
  ],
  "UnitsOut": [],
  "BranchesOut": [],
  "StartTime": [
    "2013-07-01 00:00:00"
  ],
  "Tmax": 172800,
  "Period": 3600,
  "dt": 3600,
  "CSVFile": "NonGLDLoad.txt",
  "opf_dc": 1,
  "pf_dc": 0
}