{
"zoneArea": 
    [3563.11,2532.32,2532.32,2532.32,
    313.41,201.98,313.42,201.98,
    313.41,201.98,313.42,201.98,
    313.41,201.98,313.42,201.98,
    3563.11,3563.11,3563.11],
"zoneHeight":
    [2.43899851534193,2.74400154798762,2.74400154798762,2.74400154798762,
    2.74400944449762,2.74393504307357,2.7439857060813,2.74393504307357,
    2.74400944449762,2.74393504307357,2.7439857060813,2.74393504307357,
    2.74400944449762,2.74393504307357,2.7439857060813,2.74393504307357,
    1.21919895821347,1.21919895821347,1.21919895821347],
"multiplier":
    [1,1,10,1,
    1,1,1,1,
    10,10,10,10,
    1,1,1,1,
    1,10,1],
"LPD":
    [8.9976,8.9976,8.9976,8.9976,
    8.9976,8.9976,8.9976,8.9976,
    8.9976,8.9976,8.9976,8.9976,
    8.9976,8.9976,8.9976,8.9976,
    0,0,0],
"OccD":
    [18.58,18.58,18.58,18.58,
    18.58,18.58,18.58,18.58,
    18.58,18.58,18.58,18.58,
    18.58,18.58,18.58,18.58,
    0,0,0],
"EPD":
    [4.842,8.07,8.07,8.07,
    8.07,8.07,8.0699,8.0699,
    8.07,8.07,8.0699,8.0699,
    8.07,8.07,8.0699,8.0699,
    0,0,0],
"ExteriorWallArea":
    [0,0,0,0,
    200.61,133.74,200.61,133.74,
    200.61,133.74,200.61,133.74,
    200.61,133.74,200.61,133.74,
    297.11,297.11,297.11],
"InfilDesignRatePerExtWall":
	0.00056896	
}